รหัส,date,applicants_count,placed_count,macro_applicants_age_15 - 17,macro_applicants_age_18 - 24,macro_applicants_age_25 - 29,macro_applicants_age_30 - 39,macro_applicants_age_40 - 49,macro_applicants_age_50 - 59,macro_applicants_age_60 ปีขึ้นไป,macro_vacancies_edu_1.  ประถมศึกษาและต่ำกว่า,macro_vacancies_edu_2.  มัธยมศึกษา,macro_vacancies_edu_3.  ปวช.,macro_vacancies_edu_4.  ปวส.,macro_vacancies_edu_5.  อนุปริญญา,macro_vacancies_edu_6.  ปริญญาตรี,macro_vacancies_edu_7.  ปริญญาโท,macro_vacancies_edu_8.  ปริญญาเอก
0,2014-01-01,0.0,0.0,90,8028,7420,10483,6481,2445,117,4958.0,8778.0,4309.0,4565.0,2291.0,16223.0,91.0,0.0
0,2014-02-01,0.0,0.0,373,13312,9098,12363,7486,2588,91,4753.0,9041.0,6924.0,7249.0,4951.0,6894.0,222.0,33.0
0,2014-03-01,0.0,0.0,613,16737,9041,12168,7131,2240,68,5698.0,11291.0,5354.0,5490.0,2907.0,5095.0,223.0,46.0
0,2014-04-01,0.0,0.0,1034,16092,9513,12469,7534,2495,96,5485.0,10913.0,5338.0,5277.0,3078.0,4818.0,246.0,182.0
0,2014-05-01,0.0,0.0,295,13378,9686,12735,7467,2254,127,4477.0,8035.0,4152.0,4405.0,2313.0,3940.0,85.0,1.0
0,2014-06-01,0.0,0.0,157,14692,10976,14917,8855,2789,51,6876.0,11935.0,6006.0,6348.0,3375.0,6092.0,306.0,9.0
0,2014-07-01,0.0,0.0,82,10823,8911,12228,7430,2368,48,6308.0,11250.0,5428.0,5854.0,3318.0,5720.0,71.0,2.0
0,2014-08-01,0.0,0.0,179,9351,7950,10525,6446,1967,46,6856.0,12997.0,6100.0,6639.0,3561.0,4945.0,50.0,2.0
0,2014-09-01,0.0,0.0,108,9697,8017,11301,6864,2202,37,8681.0,17472.0,7794.0,7750.0,3971.0,5925.0,105.0,53.0
0,2014-10-01,0.0,0.0,101,7855,7126,10152,6879,2362,42,5389.0,9131.0,4222.0,4310.0,1918.0,3651.0,98.0,16.0
0,2014-11-01,0.0,0.0,104,10179,7825,10564,6627,2121,24,6397.0,12088.0,5746.0,6251.0,2987.0,5346.0,88.0,31.0
0,2014-12-01,0.0,0.0,210,9468,6434,8751,5745,1848,44,5724.0,10379.0,5037.0,5562.0,2556.0,4147.0,95.0,7.0
0,2015-01-01,0.0,0.0,131,8603,8611,11131,7290,2639,49,5239.0,10927.0,5103.0,5255.0,2767.0,4588.0,179.0,24.0
0,2015-02-01,0.0,0.0,473,11561,10086,13350,8293,2826,52,7435.0,13250.0,6296.0,6477.0,3165.0,5737.0,154.0,16.0
0,2015-03-01,0.0,0.0,768,13545,9313,11973,7306,2459,30,6352.0,11878.0,5701.0,5907.0,2918.0,5155.0,189.0,3.0
0,2015-04-01,5.0,0.0,622,12866,9882,11767,7275,2379,36,5753.0,10832.0,5334.0,5229.0,2654.0,4236.0,101.0,9.0
0,2015-05-01,1.0,0.0,318,15757,11031,13663,8591,2684,45,5571.0,11306.0,5750.0,5943.0,2962.0,4899.0,159.0,3.0
0,2015-06-01,0.0,0.0,159,15497,11518,14122,8727,2779,36,8503.0,15646.0,7467.0,8064.0,4085.0,7362.0,182.0,5.0
0,2015-07-01,0.0,0.0,160,12710,10307,13782,8486,2643,52,8686.0,16470.0,7217.0,7415.0,3547.0,6237.0,205.0,16.0
0,2015-08-01,0.0,0.0,82,11134,8849,11328,7110,2345,44,6702.0,11315.0,5595.0,5446.0,2602.0,4841.0,121.0,4.0
0,2015-09-01,0.0,0.0,69,10511,8273,11507,7353,2434,21,6560.0,12545.0,5929.0,5807.0,2768.0,4634.0,105.0,6.0
0,2015-10-01,0.0,0.0,89,8449,7800,10507,6977,2421,26,6952.0,13231.0,6163.0,6541.0,3504.0,6778.0,212.0,12.0
0,2015-11-01,0.0,0.0,137,11655,9146,11822,7767,2490,13,6952.0,13231.0,6163.0,6541.0,3504.0,6778.0,212.0,12.0
0,2015-12-01,0.0,0.0,191,9888,7345,9156,6027,1911,22,7123.0,13493.0,6059.0,5889.0,2848.0,4689.0,81.0,0.0
0,2016-01-01,0.0,0.0,105,10080,9926,11986,7583,2854,47,6639.0,13139.0,6204.0,6038.0,2882.0,4908.0,160.0,14.0
0,2016-02-01,0.0,0.0,191,10449,10345,12760,7962,2982,37,7354.0,14115.0,6365.0,6332.0,3141.0,5547.0,157.0,8.0
0,2016-03-01,0.0,0.0,580,12958,10610,12996,8203,2811,38,6464.0,14028.0,6231.0,6210.0,3235.0,5210.0,201.0,9.0
0,2016-04-01,0.0,0.0,749,13427,10480,12072,7512,2664,34,6135.0,13189.0,6188.0,6170.0,3411.0,5788.0,197.0,39.0
0,2016-05-01,0.0,0.0,287,14221,11347,13668,9022,2938,26,6288.0,12726.0,5822.0,5742.0,2950.0,5181.0,86.0,11.0
0,2016-06-01,0.0,0.0,130,8294,3200,2374,1120,325,48,6147.0,11639.0,5166.0,5074.0,2737.0,5683.0,338.0,4.0
0,2016-07-01,0.0,0.0,199,5070,1912,1492,631,214,26,5551.0,11082.0,4725.0,4597.0,2496.0,4610.0,43.0,0.0
0,2016-08-01,0.0,0.0,326,5550,2070,1562,788,292,30,5631.0,10458.0,4938.0,5078.0,2589.0,4138.0,127.0,17.0
0,2016-09-01,0.0,0.0,296,5414,1921,1662,818,233,19,5448.0,10617.0,4353.0,4201.0,1938.0,3396.0,136.0,1.0
0,2016-10-01,0.0,0.0,105,2889,1556,1463,726,249,19,3774.0,7320.0,3386.0,3151.0,1601.0,3042.0,302.0,72.0
0,2016-11-01,0.0,0.0,80,4921,2464,2151,1187,368,22,5582.0,10815.0,4839.0,4887.0,2316.0,4091.0,191.0,7.0
0,2016-12-01,0.0,0.0,114,4356,2218,2089,1014,316,19,4944.0,9407.0,4336.0,4027.0,1987.0,3552.0,47.0,4.0
0,2017-01-01,0.0,0.0,122,4455,2992,2456,1204,461,41,5163.0,9841.0,4458.0,4624.0,2379.0,4110.0,69.0,1.0
0,2017-02-01,0.0,0.0,251,6207,3801,3060,1661,522,38,5515.0,10728.0,5552.0,5048.0,2463.0,4329.0,249.0,5.0
0,2017-03-01,0.0,0.0,520,7976,3485,2694,1418,549,66,6321.0,12715.0,5652.0,5206.0,2728.0,4639.0,212.0,18.0
0,2017-04-01,0.0,0.0,639,7921,3107,2479,1231,435,114,5177.0,10933.0,4522.0,5544.0,3316.0,4621.0,66.0,12.0
0,2017-05-01,0.0,0.0,278,7785,3167,2398,1265,455,73,6193.0,13139.0,5545.0,5473.0,2802.0,4136.0,57.0,3.0
0,2017-06-01,0.0,0.0,153,7974,3170,2303,1233,458,166,6885.0,14245.0,7006.0,6661.0,3890.0,5220.0,83.0,1.0
0,2017-07-01,0.0,0.0,198,7915,3387,2405,1315,372,161,6654.0,12158.0,5600.0,5568.0,3186.0,4731.0,83.0,5.0
0,2017-08-01,0.0,0.0,29,3530,1967,1849,997,343,472,5997.0,10474.0,4345.0,4291.0,2275.0,3824.0,54.0,17.0
0,2017-09-01,0.0,0.0,120,2827,1536,1417,739,239,410,6797.0,9679.0,4304.0,4100.0,1955.0,3380.0,121.0,20.0
0,2017-10-01,0.0,0.0,21,2783,1828,1637,979,376,47,4078.0,16291.0,3243.0,3265.0,1620.0,2751.0,62.0,27.0
0,2017-11-01,0.0,0.0,61,3512,2146,2123,1288,463,112,5234.0,8970.0,3926.0,4062.0,1968.0,3131.0,72.0,9.0
0,2017-12-01,0.0,0.0,93,3842,2150,1934,880,302,279,5149.0,8013.0,3755.0,3544.0,1929.0,2919.0,74.0,6.0
0,2018-01-01,0.0,0.0,46,5107,4227,3045,1580,557,256,7091.0,13208.0,6560.0,6878.0,3614.0,6318.0,173.0,7.0
0,2018-02-01,0.0,0.0,197,4993,2404,2103,973,388,218,5403.0,10273.0,4731.0,4491.0,2453.0,3704.0,133.0,5.0
0,2018-03-01,0.0,0.0,1215,6691,2321,2055,1011,396,172,4972.0,9861.0,4458.0,4375.0,2250.0,3607.0,89.0,14.0
0,2018-04-01,0.0,0.0,1493,8507,2147,1809,901,362,229,4692.0,10418.0,4831.0,4425.0,2456.0,3150.0,124.0,0.0
0,2018-05-01,0.0,0.0,528,7092,3000,2234,1098,396,204,5959.0,11118.0,4924.0,4871.0,2817.0,3566.0,169.0,4.0
0,2018-06-01,0.0,0.0,256,4799,2356,2076,1074,398,188,5094.0,9050.0,4195.0,4034.0,2068.0,2988.0,60.0,7.0
0,2018-07-01,0.0,0.0,53,3103,2064,1739,921,284,176,4604.0,7187.0,3343.0,3274.0,1677.0,3236.0,81.0,0.0
0,2018-08-01,0.0,0.0,126,3618,2046,1907,1072,326,191,5284.0,8372.0,3941.0,3648.0,1566.0,3147.0,68.0,1.0
0,2018-09-01,0.0,0.0,26,3804,2140,1947,1288,432,111,5093.0,9069.0,4198.0,4160.0,2335.0,4118.0,54.0,6.0
0,2018-10-01,0.0,0.0,13,2915,1799,1556,962,304,142,4056.0,6597.0,2929.0,2862.0,1460.0,2456.0,67.0,2.0
0,2018-11-01,0.0,0.0,41,3468,1934,1707,1049,349,178,4614.0,8290.0,3596.0,3582.0,1968.0,2697.0,90.0,3.0
0,2018-12-01,0.0,0.0,95,3493,1988,1812,1087,405,208,4633.0,8115.0,3741.0,3561.0,1909.0,2762.0,184.0,9.0
0,2019-01-01,0.0,0.0,264,4284,2654,2075,1287,564,238,5149.0,9711.0,4055.0,4034.0,2033.0,3019.0,101.0,11.0
0,2019-02-01,0.0,0.0,502,7257,2768,2135,1263,476,260,5618.0,11384.0,5398.0,5266.0,3179.0,4490.0,184.0,6.0
0,2019-03-01,1.0,0.0,989,8750,2603,2261,1294,448,213,6958.0,14177.0,6947.0,6572.0,3945.0,4758.0,211.0,0.0
0,2019-04-01,0.0,0.0,1555,11162,2607,1931,1084,420,383,5321.0,12787.0,5924.0,5444.0,3334.0,3660.0,113.0,9.0
0,2019-05-01,0.0,0.0,1170,8743,2619,1930,1072,418,136,5478.0,11836.0,5575.0,5178.0,3003.0,3672.0,63.0,12.0
0,2019-06-01,0.0,0.0,179,5415,2534,1835,1050,401,158,5657.0,9990.0,4647.0,4206.0,2090.0,3252.0,181.0,24.0
0,2019-07-01,0.0,0.0,24,4013,2185,1817,1074,375,84,4702.0,8064.0,3625.0,3224.0,1636.0,2952.0,106.0,2.0
0,2019-08-01,0.0,0.0,371,3634,1584,1491,1025,486,88,4954.0,10293.0,4581.0,4207.0,2435.0,3638.0,261.0,141.0
0,2019-09-01,0.0,0.0,51,1957,1258,1260,734,282,39,3614.0,6251.0,2420.0,2279.0,1116.0,1871.0,45.0,18.0
0,2019-10-01,0.0,0.0,15,2206,1508,1443,950,407,54,3370.0,6386.0,2583.0,2451.0,1242.0,2249.0,60.0,10.0
0,2019-11-01,0.0,0.0,54,2768,1770,1769,990,360,67,3991.0,7185.0,3114.0,2960.0,1552.0,2361.0,56.0,5.0
0,2019-12-01,0.0,0.0,122,2998,1730,1633,959,312,73,3674.0,7705.0,3070.0,2976.0,1635.0,2843.0,72.0,4.0
0,2020-01-01,0.0,0.0,56,3436,4134,7958,4288,1247,119,3827.0,7205.0,3132.0,3028.0,1614.0,2244.0,41.0,3.0
0,2020-02-01,0.0,0.0,104,4754,4877,8825,5092,1496,147,4010.0,7654.0,3407.0,3281.0,1742.0,2820.0,46.0,6.0
0,2020-03-01,0.0,0.0,280,7993,4009,7341,4617,1309,185,3746.0,6308.0,2804.0,2652.0,1374.0,1860.0,25.0,6.0
0,2020-04-01,1.0,1.0,677,8714,4651,6227,3143,840,210,2895.0,14218.0,6736.0,6838.0,5325.0,6197.0,42.0,9.0
0,2020-05-01,0.0,0.0,566,9529,5307,7493,3597,1118,267,4090.0,9091.0,4543.0,4045.0,2449.0,4141.0,97.0,33.0
0,2020-06-01,0.0,0.0,1012,12640,6685,8943,5216,1580,344,5658.0,12876.0,5715.0,5376.0,3055.0,4601.0,229.0,48.0
0,2020-07-01,0.0,0.0,324,10204,6707,9325,4690,1417,320,5964.0,13586.0,6125.0,5667.0,3246.0,5173.0,321.0,101.0
0,2020-08-01,0.0,0.0,366,11078,7404,10147,5253,1621,256,6451.0,13460.0,5470.0,5391.0,2662.0,4227.0,133.0,32.0
0,2020-09-01,0.0,0.0,172,7420,5292,7402,3544,981,126,94365.0,155311.0,59241.0,55779.0,30803.0,61513.0,3807.0,823.0
0,2020-10-01,0.0,0.0,119,5253,4346,6426,3432,1083,70,3305.0,5423.0,2123.0,2311.0,1006.0,2206.0,47.0,3.0
0,2020-11-01,0.0,0.0,88,11708,9750,12766,6656,2332,154,5439.0,9996.0,4572.0,4791.0,3037.0,4932.0,130.0,61.0
0,2020-12-01,0.0,0.0,405,10983,7869,9646,5534,1526,259,5083.0,10553.0,4724.0,4445.0,2891.0,4997.0,165.0,36.0
0,2021-01-01,0.0,0.0,220,7603,5588,8276,5273,1646,281,4840.0,8894.0,4030.0,4299.0,2601.0,4253.0,236.0,22.0
0,2021-02-01,0.0,0.0,194,7630,5850,9184,5647,1592,324,5855.0,12109.0,5574.0,5360.0,3305.0,5993.0,808.0,159.0
0,2021-03-01,0.0,0.0,576,9665,6300,8925,4647,1435,303,11184.0,25386.0,11430.0,11642.0,5966.0,14070.0,384.0,77.0
0,2021-04-01,0.0,0.0,559,8795,4936,7278,4354,1273,209,5236.0,10648.0,4245.0,4125.0,2241.0,6285.0,523.0,172.0
0,2021-05-01,0.0,0.0,299,11634,6413,9039,5221,1591,232,5478.0,11459.0,5279.0,5177.0,2983.0,13141.0,615.0,343.0
0,2021-06-01,0.0,0.0,279,11461,6652,10804,6237,1800,222,6365.0,12342.0,5749.0,5624.0,3077.0,6293.0,592.0,418.0
0,2021-07-01,0.0,0.0,89,8457,6158,9068,5002,1303,194,5657.0,11968.0,5290.0,5774.0,3354.0,7800.0,402.0,87.0
0,2021-08-01,0.0,0.0,290,14463,9379,11432,5681,1431,212,8253.0,19323.0,8538.0,8751.0,5262.0,9576.0,341.0,72.0
0,2021-09-01,0.0,0.0,105,8905,6468,9032,5089,1439,175,14340.0,48968.0,14712.0,13492.0,8140.0,12713.0,529.0,130.0
0,2021-10-01,0.0,0.0,34,4711,4900,6536,3154,823,58,4226.0,9062.0,2919.0,2691.0,1364.0,2491.0,68.0,36.0
0,2021-11-01,0.0,0.0,24,4015,3734,6064,3057,879,93,6452.0,10542.0,4479.0,4491.0,2589.0,3328.0,133.0,24.0
0,2021-12-01,0.0,0.0,44,3985,4158,6364,3463,1056,130,5002.0,9752.0,3928.0,3459.0,2083.0,2961.0,156.0,20.0
0,2022-01-01,0.0,0.0,122,4353,4317,6487,4128,1321,225,5469.0,11337.0,4928.0,4661.0,2980.0,4280.0,105.0,45.0
0,2022-02-01,0.0,0.0,219,6669,6763,9103,5218,1604,281,7565.0,13803.0,6146.0,6188.0,3541.0,5822.0,530.0,47.0
0,2022-03-01,0.0,0.0,385,7081,7676,11025,6538,2175,234,8606.0,19659.0,9200.0,8810.0,4186.0,5581.0,378.0,117.0
0,2022-04-01,0.0,0.0,413,6753,6366,9271,5189,1576,193,5267.0,11182.0,4780.0,4448.0,2740.0,3907.0,473.0,216.0
0,2022-05-01,0.0,0.0,243,6247,7271,11223,7284,2680,242,7464.0,14916.0,6244.0,6278.0,3835.0,5593.0,411.0,236.0
0,2022-06-01,0.0,0.0,79,5798,7289,10911,7039,2243,302,5884.0,14391.0,5846.0,5848.0,3553.0,5181.0,281.0,109.0
0,2022-07-01,0.0,0.0,79,5181,6227,8520,5051,1439,113,5850.0,11784.0,5300.0,4986.0,2913.0,4144.0,312.0,189.0
0,2022-08-01,0.0,0.0,72,5365,6184,8632,5577,1736,158,6133.0,12818.0,5083.0,5158.0,2983.0,4786.0,168.0,106.0
0,2022-09-01,0.0,0.0,17,4186,6062,8654,4941,1184,48,4814.0,13598.0,5994.0,5374.0,3492.0,5815.0,478.0,143.0
0,2022-10-01,0.0,0.0,18,3007,4620,6593,3469,859,68,4151.0,8606.0,4057.0,3709.0,1907.0,2764.0,104.0,36.0
0,2022-11-01,0.0,0.0,114,3871,5489,7732,4448,1261,171,6196.0,12580.0,5567.0,5724.0,3600.0,4810.0,294.0,58.0
0,2022-12-01,0.0,0.0,218,3915,5281,7837,4464,1408,237,21309.0,55202.0,21607.0,21838.0,12911.0,19822.0,598.0,110.0
0,2023-01-01,0.0,0.0,82,4511,5671,7720,4770,1376,241,13029.0,30129.0,13964.0,13481.0,7467.0,13802.0,521.0,200.0
0,2023-02-01,0.0,0.0,300,6168,6091,8505,5381,1535,212,18620.0,40627.0,17329.0,17801.0,10388.0,15750.0,851.0,152.0
0,2023-03-01,0.0,0.0,240,5285,5691,8198,4847,1373,160,11566.0,29957.0,12905.0,12410.0,7301.0,11261.0,400.0,135.0
0,2023-04-01,0.0,0.0,399,5240,5627,7515,4609,1260,195,4678.0,10794.0,5297.0,4835.0,2664.0,4322.0,305.0,10.0
0,2023-05-01,0.0,0.0,288,5049,5607,7533,4673,1222,130,8497.0,29381.0,11154.0,12163.0,7654.0,19065.0,1315.0,193.0
0,2023-06-01,0.0,0.0,74,9177,8326,9518,4979,1327,130,10918.0,23418.0,10885.0,11241.0,7002.0,11062.0,840.0,100.0
0,2023-07-01,0.0,0.0,78,4721,5797,8273,4935,1352,90,3546.0,9340.0,4368.0,4364.0,3054.0,4443.0,165.0,37.0
0,2023-08-01,0.0,0.0,25,3835,5185,7552,4330,1112,59,2414.0,5857.0,2662.0,2693.0,1597.0,3866.0,187.0,38.0
0,2023-09-01,0.0,0.0,8,2752,4297,6223,3619,970,52,2226.0,5427.0,2214.0,2140.0,1220.0,2074.0,63.0,16.0
0,2023-10-01,0.0,0.0,57,2654,3775,5491,3573,1048,63,5326.0,12726.0,5597.0,5444.0,3224.0,5293.0,171.0,32.0
0,2023-11-01,0.0,0.0,61,2907,4248,6526,3959,1288,168,10266.0,23230.0,10557.0,10730.0,6660.0,12236.0,469.0,184.0
0,2023-12-01,0.0,0.0,110,2911,4201,6851,4200,1152,202,0.0,0.0,0.0,0.0,0.0,0.0,0.0,0.0
0,2024-01-01,0.0,0.0,79,3403,4394,7278,4327,1354,243,9897.0,26983.0,11143.0,10504.0,6979.0,10743.0,303.0,59.0
0,2024-02-01,0.0,0.0,243,4117,5379,8738,5241,1420,156,10631.0,28482.0,13670.0,14177.0,7780.0,12422.0,201.0,60.0
0,2024-03-01,0.0,0.0,248,4307,5220,7990,5173,1482,128,9753.0,26569.0,11092.0,13961.0,7983.0,12025.0,249.0,46.0
0,2024-04-01,0.0,0.0,234,4537,5391,7904,5023,1317,190,8656.0,24412.0,10663.0,11854.0,7100.0,12419.0,251.0,47.0
0,2024-05-01,0.0,0.0,271,4073,5296,7978,5042,1464,165,7631.0,24182.0,10789.0,12525.0,7438.0,13401.0,337.0,87.0
0,2024-06-01,0.0,0.0,181,8221,7883,9738,6257,1707,244,11135.0,38900.0,17683.0,18931.0,13474.0,23418.0,1328.0,392.0
0,2024-07-01,0.0,0.0,138,8202,8010,10585,6340,1710,285,11057.0,28214.0,10360.0,11599.0,6683.0,9650.0,146.0,33.0
0,2024-08-01,0.0,0.0,107,3339,5322,8664,5452,1470,92,8724.0,23636.0,9694.0,9803.0,5698.0,9039.0,203.0,71.0
0,2024-09-01,0.0,0.0,31,2758,4924,8091,5684,1866,73,5845.0,16255.0,6848.0,6749.0,4516.0,6550.0,70.0,4.0
0,2024-10-01,0.0,0.0,29,3247,5592,7732,4781,1488,114,5803.0,15208.0,7158.0,7058.0,5060.0,6771.0,87.0,13.0
0,2024-11-01,0.0,0.0,165,3407,5333,8680,5469,1598,214,4697.0,12829.0,5923.0,5810.0,3503.0,5602.0,98.0,20.0
0,2024-12-01,0.0,0.0,208,3470,5018,8325,5253,1640,433,4870.0,12589.0,5590.0,5280.0,3381.0,4863.0,36.0,12.0
0,2025-01-01,0.0,0.0,113,3277,4978,8063,5268,1604,270,5925.0,13105.0,5760.0,5547.0,3455.0,4646.0,171.0,45.0
0,2025-02-01,0.0,0.0,226,4538,5187,8820,5634,1610,226,5170.0,12668.0,5887.0,5499.0,3314.0,6277.0,125.0,25.0
0,2025-03-01,0.0,0.0,302,4678,5002,8507,5692,1726,217,5847.0,15201.0,6426.0,6434.0,4260.0,6207.0,271.0,14.0
0,2025-04-01,0.0,0.0,402,3758,4570,7665,5198,1676,209,4714.0,14714.0,6073.0,6250.0,3658.0,10447.0,244.0,110.0
0,2025-05-01,0.0,0.0,198,4014,4692,7379,5296,1686,178,6130.0,19864.0,10040.0,9869.0,5077.0,13902.0,556.0,142.0
0,2025-06-01,0.0,0.0,110,6340,6162,9310,6768,1874,156,5674.0,13209.0,5687.0,5363.0,3419.0,5842.0,686.0,81.0
0,2025-07-01,0.0,0.0,23,3263,4720,7674,5282,1436,93,4313.0,11026.0,4962.0,5121.0,3182.0,4769.0,480.0,50.0
0,2025-08-01,0.0,0.0,21,2551,3933,6487,4276,1254,67,3737.0,10012.0,4322.0,4541.0,2975.0,5129.0,771.0,87.0
0,2025-09-01,0.0,0.0,17,1720,3051,5081,3367,925,61,2844.0,6813.0,3293.0,3130.0,2206.0,3685.0,691.0,7.0
0,2025-10-01,0.0,0.0,51,2435,4047,7093,5035,1384,142,5468.0,10864.0,4143.0,4174.0,2668.0,3902.0,157.0,1.0
0,2025-11-01,0.0,0.0,158,3381,4541,8518,6420,1833,270,4285.0,16180.0,7230.0,5825.0,3279.0,15434.0,531.0,142.0
0,2025-12-01,0.0,0.0,269,3656,4840,8654,6733,2086,235,6321.0,15017.0,5588.0,5950.0,3962.0,13788.0,527.0,38.0
0,2026-01-01,0.0,0.0,238,4752,5054,8180,5879,1870,316,3735.0,10709.0,4606.0,4569.0,2862.0,4631.0,60.0,0.0
0,2026-02-01,0.0,0.0,364,4632,5069,8431,6220,1951,304,4039.0,10975.0,5112.0,4959.0,2972.0,4928.0,144.0,58.0
0,2026-03-01,0.0,0.0,214,5099,4595,7721,5697,1690,229,3995.0,11504.0,4718.0,5112.0,2866.0,4668.0,156.0,19.0
0,2026-04-01,0.0,0.0,361,4062,4218,7398,5691,818,145,3216.0,9604.0,4071.0,4313.0,2365.0,3666.0,28.0,6.0
0,2026-05-01,0.0,0.0,70,3497,4645,7815,5532,1598,135,3207.0,9332.0,3925.0,3886.0,1900.0,3223.0,52.0,21.0
0,2026-06-01,0.0,0.0,37,3038,4188,7590,5335,1537,150,3033.0,9146.0,3801.0,3988.0,2440.0,3842.0,38.0,9.0
0,2026-07-01,0.0,0.0,36,2672,4062,6636,4435,1209,102,2825.0,7710.0,3603.0,3698.0,2072.0,3660.0,59.0,13.0
0,2026-08-01,0.0,0.0,32,1958,3225,5743,4078,1043,81,2301.0,6398.0,2958.0,2728.0,1575.0,2820.0,38.0,10.0
1,2014-01-01,989.0,373.0,90,8028,7420,10483,6481,2445,117,4958.0,8778.0,4309.0,4565.0,2291.0,16223.0,91.0,0.0
1,2014-02-01,1233.0,531.0,373,13312,9098,12363,7486,2588,91,4753.0,9041.0,6924.0,7249.0,4951.0,6894.0,222.0,33.0
1,2014-03-01,1178.0,555.0,613,16737,9041,12168,7131,2240,68,5698.0,11291.0,5354.0,5490.0,2907.0,5095.0,223.0,46.0
1,2014-04-01,1183.0,558.0,1034,16092,9513,12469,7534,2495,96,5485.0,10913.0,5338.0,5277.0,3078.0,4818.0,246.0,182.0
1,2014-05-01,1191.0,499.0,295,13378,9686,12735,7467,2254,127,4477.0,8035.0,4152.0,4405.0,2313.0,3940.0,85.0,1.0
1,2014-06-01,1442.0,496.0,157,14692,10976,14917,8855,2789,51,6876.0,11935.0,6006.0,6348.0,3375.0,6092.0,306.0,9.0
1,2014-07-01,1194.0,623.0,82,10823,8911,12228,7430,2368,48,6308.0,11250.0,5428.0,5854.0,3318.0,5720.0,71.0,2.0
1,2014-08-01,883.0,627.0,179,9351,7950,10525,6446,1967,46,6856.0,12997.0,6100.0,6639.0,3561.0,4945.0,50.0,2.0
1,2014-09-01,984.0,755.0,108,9697,8017,11301,6864,2202,37,8681.0,17472.0,7794.0,7750.0,3971.0,5925.0,105.0,53.0
1,2014-10-01,1047.0,393.0,101,7855,7126,10152,6879,2362,42,5389.0,9131.0,4222.0,4310.0,1918.0,3651.0,98.0,16.0
1,2014-11-01,1123.0,521.0,104,10179,7825,10564,6627,2121,24,6397.0,12088.0,5746.0,6251.0,2987.0,5346.0,88.0,31.0
1,2014-12-01,890.0,476.0,210,9468,6434,8751,5745,1848,44,5724.0,10379.0,5037.0,5562.0,2556.0,4147.0,95.0,7.0
1,2015-01-01,1099.0,557.0,131,8603,8611,11131,7290,2639,49,5239.0,10927.0,5103.0,5255.0,2767.0,4588.0,179.0,24.0
1,2015-02-01,1189.0,545.0,473,11561,10086,13350,8293,2826,52,7435.0,13250.0,6296.0,6477.0,3165.0,5737.0,154.0,16.0
1,2015-03-01,1200.0,538.0,768,13545,9313,11973,7306,2459,30,6352.0,11878.0,5701.0,5907.0,2918.0,5155.0,189.0,3.0
1,2015-04-01,1237.0,400.0,622,12866,9882,11767,7275,2379,36,5753.0,10832.0,5334.0,5229.0,2654.0,4236.0,101.0,9.0
1,2015-05-01,1414.0,557.0,318,15757,11031,13663,8591,2684,45,5571.0,11306.0,5750.0,5943.0,2962.0,4899.0,159.0,3.0
1,2015-06-01,1526.0,1007.0,159,15497,11518,14122,8727,2779,36,8503.0,15646.0,7467.0,8064.0,4085.0,7362.0,182.0,5.0
1,2015-07-01,1350.0,770.0,160,12710,10307,13782,8486,2643,52,8686.0,16470.0,7217.0,7415.0,3547.0,6237.0,205.0,16.0
1,2015-08-01,1130.0,532.0,82,11134,8849,11328,7110,2345,44,6702.0,11315.0,5595.0,5446.0,2602.0,4841.0,121.0,4.0
1,2015-09-01,1050.0,559.0,69,10511,8273,11507,7353,2434,21,6560.0,12545.0,5929.0,5807.0,2768.0,4634.0,105.0,6.0
1,2015-10-01,993.0,691.0,89,8449,7800,10507,6977,2421,26,6952.0,13231.0,6163.0,6541.0,3504.0,6778.0,212.0,12.0
1,2015-11-01,1101.0,638.0,137,11655,9146,11822,7767,2490,13,6952.0,13231.0,6163.0,6541.0,3504.0,6778.0,212.0,12.0
1,2015-12-01,873.0,574.0,191,9888,7345,9156,6027,1911,22,7123.0,13493.0,6059.0,5889.0,2848.0,4689.0,81.0,0.0
1,2016-01-01,1156.0,644.0,105,10080,9926,11986,7583,2854,47,6639.0,13139.0,6204.0,6038.0,2882.0,4908.0,160.0,14.0
1,2016-02-01,1218.0,633.0,191,10449,10345,12760,7962,2982,37,7354.0,14115.0,6365.0,6332.0,3141.0,5547.0,157.0,8.0
1,2016-03-01,1246.0,567.0,580,12958,10610,12996,8203,2811,38,6464.0,14028.0,6231.0,6210.0,3235.0,5210.0,201.0,9.0
1,2016-04-01,1424.0,642.0,749,13427,10480,12072,7512,2664,34,6135.0,13189.0,6188.0,6170.0,3411.0,5788.0,197.0,39.0
1,2016-05-01,1360.0,568.0,287,14221,11347,13668,9022,2938,26,6288.0,12726.0,5822.0,5742.0,2950.0,5181.0,86.0,11.0
1,2016-06-01,260.0,588.0,130,8294,3200,2374,1120,325,48,6147.0,11639.0,5166.0,5074.0,2737.0,5683.0,338.0,4.0
1,2016-07-01,123.0,566.0,199,5070,1912,1492,631,214,26,5551.0,11082.0,4725.0,4597.0,2496.0,4610.0,43.0,0.0
1,2016-08-01,207.0,581.0,326,5550,2070,1562,788,292,30,5631.0,10458.0,4938.0,5078.0,2589.0,4138.0,127.0,17.0
1,2016-09-01,206.0,476.0,296,5414,1921,1662,818,233,19,5448.0,10617.0,4353.0,4201.0,1938.0,3396.0,136.0,1.0
1,2016-10-01,164.0,373.0,105,2889,1556,1463,726,249,19,3774.0,7320.0,3386.0,3151.0,1601.0,3042.0,302.0,72.0
1,2016-11-01,247.0,432.0,80,4921,2464,2151,1187,368,22,5582.0,10815.0,4839.0,4887.0,2316.0,4091.0,191.0,7.0
1,2016-12-01,214.0,302.0,114,4356,2218,2089,1014,316,19,4944.0,9407.0,4336.0,4027.0,1987.0,3552.0,47.0,4.0
1,2017-01-01,240.0,388.0,122,4455,2992,2456,1204,461,41,5163.0,9841.0,4458.0,4624.0,2379.0,4110.0,69.0,1.0
1,2017-02-01,394.0,426.0,251,6207,3801,3060,1661,522,38,5515.0,10728.0,5552.0,5048.0,2463.0,4329.0,249.0,5.0
1,2017-03-01,532.0,524.0,520,7976,3485,2694,1418,549,66,6321.0,12715.0,5652.0,5206.0,2728.0,4639.0,212.0,18.0
1,2017-04-01,338.0,431.0,639,7921,3107,2479,1231,435,114,5177.0,10933.0,4522.0,5544.0,3316.0,4621.0,66.0,12.0
1,2017-05-01,337.0,499.0,278,7785,3167,2398,1265,455,73,6193.0,13139.0,5545.0,5473.0,2802.0,4136.0,57.0,3.0
1,2017-06-01,326.0,621.0,153,7974,3170,2303,1233,458,166,6885.0,14245.0,7006.0,6661.0,3890.0,5220.0,83.0,1.0
1,2017-07-01,465.0,538.0,198,7915,3387,2405,1315,372,161,6654.0,12158.0,5600.0,5568.0,3186.0,4731.0,83.0,5.0
1,2017-08-01,173.0,568.0,29,3530,1967,1849,997,343,472,5997.0,10474.0,4345.0,4291.0,2275.0,3824.0,54.0,17.0
1,2017-09-01,109.0,698.0,120,2827,1536,1417,739,239,410,6797.0,9679.0,4304.0,4100.0,1955.0,3380.0,121.0,20.0
1,2017-10-01,190.0,341.0,21,2783,1828,1637,979,376,47,4078.0,16291.0,3243.0,3265.0,1620.0,2751.0,62.0,27.0
1,2017-11-01,213.0,519.0,61,3512,2146,2123,1288,463,112,5234.0,8970.0,3926.0,4062.0,1968.0,3131.0,72.0,9.0
1,2017-12-01,218.0,417.0,93,3842,2150,1934,880,302,279,5149.0,8013.0,3755.0,3544.0,1929.0,2919.0,74.0,6.0
1,2018-01-01,330.0,498.0,46,5107,4227,3045,1580,557,256,7091.0,13208.0,6560.0,6878.0,3614.0,6318.0,173.0,7.0
1,2018-02-01,215.0,494.0,197,4993,2404,2103,973,388,218,5403.0,10273.0,4731.0,4491.0,2453.0,3704.0,133.0,5.0
1,2018-03-01,319.0,597.0,1215,6691,2321,2055,1011,396,172,4972.0,9861.0,4458.0,4375.0,2250.0,3607.0,89.0,14.0
1,2018-04-01,302.0,499.0,1493,8507,2147,1809,901,362,229,4692.0,10418.0,4831.0,4425.0,2456.0,3150.0,124.0,0.0
1,2018-05-01,267.0,473.0,528,7092,3000,2234,1098,396,204,5959.0,11118.0,4924.0,4871.0,2817.0,3566.0,169.0,4.0
1,2018-06-01,277.0,519.0,256,4799,2356,2076,1074,398,188,5094.0,9050.0,4195.0,4034.0,2068.0,2988.0,60.0,7.0
1,2018-07-01,165.0,384.0,53,3103,2064,1739,921,284,176,4604.0,7187.0,3343.0,3274.0,1677.0,3236.0,81.0,0.0
1,2018-08-01,188.0,400.0,126,3618,2046,1907,1072,326,191,5284.0,8372.0,3941.0,3648.0,1566.0,3147.0,68.0,1.0
1,2018-09-01,249.0,505.0,26,3804,2140,1947,1288,432,111,5093.0,9069.0,4198.0,4160.0,2335.0,4118.0,54.0,6.0
1,2018-10-01,207.0,499.0,13,2915,1799,1556,962,304,142,4056.0,6597.0,2929.0,2862.0,1460.0,2456.0,67.0,2.0
1,2018-11-01,175.0,375.0,41,3468,1934,1707,1049,349,178,4614.0,8290.0,3596.0,3582.0,1968.0,2697.0,90.0,3.0
1,2018-12-01,150.0,353.0,95,3493,1988,1812,1087,405,208,4633.0,8115.0,3741.0,3561.0,1909.0,2762.0,184.0,9.0
1,2019-01-01,228.0,455.0,264,4284,2654,2075,1287,564,238,5149.0,9711.0,4055.0,4034.0,2033.0,3019.0,101.0,11.0
1,2019-02-01,452.0,477.0,502,7257,2768,2135,1263,476,260,5618.0,11384.0,5398.0,5266.0,3179.0,4490.0,184.0,6.0
1,2019-03-01,328.0,507.0,989,8750,2603,2261,1294,448,213,6958.0,14177.0,6947.0,6572.0,3945.0,4758.0,211.0,0.0
1,2019-04-01,240.0,420.0,1555,11162,2607,1931,1084,420,383,5321.0,12787.0,5924.0,5444.0,3334.0,3660.0,113.0,9.0
1,2019-05-01,433.0,617.0,1170,8743,2619,1930,1072,418,136,5478.0,11836.0,5575.0,5178.0,3003.0,3672.0,63.0,12.0
1,2019-06-01,379.0,502.0,179,5415,2534,1835,1050,401,158,5657.0,9990.0,4647.0,4206.0,2090.0,3252.0,181.0,24.0
1,2019-07-01,350.0,526.0,24,4013,2185,1817,1074,375,84,4702.0,8064.0,3625.0,3224.0,1636.0,2952.0,106.0,2.0
1,2019-08-01,162.0,653.0,371,3634,1584,1491,1025,486,88,4954.0,10293.0,4581.0,4207.0,2435.0,3638.0,261.0,141.0
1,2019-09-01,92.0,387.0,51,1957,1258,1260,734,282,39,3614.0,6251.0,2420.0,2279.0,1116.0,1871.0,45.0,18.0
1,2019-10-01,160.0,371.0,15,2206,1508,1443,950,407,54,3370.0,6386.0,2583.0,2451.0,1242.0,2249.0,60.0,10.0
1,2019-11-01,194.0,373.0,54,2768,1770,1769,990,360,67,3991.0,7185.0,3114.0,2960.0,1552.0,2361.0,56.0,5.0
1,2019-12-01,154.0,367.0,122,2998,1730,1633,959,312,73,3674.0,7705.0,3070.0,2976.0,1635.0,2843.0,72.0,4.0
1,2020-01-01,445.0,272.0,56,3436,4134,7958,4288,1247,119,3827.0,7205.0,3132.0,3028.0,1614.0,2244.0,41.0,3.0
1,2020-02-01,792.0,491.0,104,4754,4877,8825,5092,1496,147,4010.0,7654.0,3407.0,3281.0,1742.0,2820.0,46.0,6.0
1,2020-03-01,576.0,584.0,280,7993,4009,7341,4617,1309,185,3746.0,6308.0,2804.0,2652.0,1374.0,1860.0,25.0,6.0
1,2020-04-01,935.0,740.0,677,8714,4651,6227,3143,840,210,2895.0,14218.0,6736.0,6838.0,5325.0,6197.0,42.0,9.0
1,2020-05-01,913.0,732.0,566,9529,5307,7493,3597,1118,267,4090.0,9091.0,4543.0,4045.0,2449.0,4141.0,97.0,33.0
1,2020-06-01,1049.0,561.0,1012,12640,6685,8943,5216,1580,344,5658.0,12876.0,5715.0,5376.0,3055.0,4601.0,229.0,48.0
1,2020-07-01,1051.0,643.0,324,10204,6707,9325,4690,1417,320,5964.0,13586.0,6125.0,5667.0,3246.0,5173.0,321.0,101.0
1,2020-08-01,1136.0,699.0,366,11078,7404,10147,5253,1621,256,6451.0,13460.0,5470.0,5391.0,2662.0,4227.0,133.0,32.0
1,2020-09-01,777.0,486.0,172,7420,5292,7402,3544,981,126,94365.0,155311.0,59241.0,55779.0,30803.0,61513.0,3807.0,823.0
1,2020-10-01,687.0,344.0,119,5253,4346,6426,3432,1083,70,3305.0,5423.0,2123.0,2311.0,1006.0,2206.0,47.0,3.0
1,2020-11-01,1218.0,1019.0,88,11708,9750,12766,6656,2332,154,5439.0,9996.0,4572.0,4791.0,3037.0,4932.0,130.0,61.0
1,2020-12-01,1037.0,874.0,405,10983,7869,9646,5534,1526,259,5083.0,10553.0,4724.0,4445.0,2891.0,4997.0,165.0,36.0
1,2021-01-01,878.0,536.0,220,7603,5588,8276,5273,1646,281,4840.0,8894.0,4030.0,4299.0,2601.0,4253.0,236.0,22.0
1,2021-02-01,1137.0,841.0,194,7630,5850,9184,5647,1592,324,5855.0,12109.0,5574.0,5360.0,3305.0,5993.0,808.0,159.0
1,2021-03-01,1092.0,642.0,576,9665,6300,8925,4647,1435,303,11184.0,25386.0,11430.0,11642.0,5966.0,14070.0,384.0,77.0
1,2021-04-01,1154.0,616.0,559,8795,4936,7278,4354,1273,209,5236.0,10648.0,4245.0,4125.0,2241.0,6285.0,523.0,172.0
1,2021-05-01,1284.0,637.0,299,11634,6413,9039,5221,1591,232,5478.0,11459.0,5279.0,5177.0,2983.0,13141.0,615.0,343.0
1,2021-06-01,1251.0,695.0,279,11461,6652,10804,6237,1800,222,6365.0,12342.0,5749.0,5624.0,3077.0,6293.0,592.0,418.0
1,2021-07-01,1198.0,625.0,89,8457,6158,9068,5002,1303,194,5657.0,11968.0,5290.0,5774.0,3354.0,7800.0,402.0,87.0
1,2021-08-01,1969.0,699.0,290,14463,9379,11432,5681,1431,212,8253.0,19323.0,8538.0,8751.0,5262.0,9576.0,341.0,72.0
1,2021-09-01,1342.0,747.0,105,8905,6468,9032,5089,1439,175,14340.0,48968.0,14712.0,13492.0,8140.0,12713.0,529.0,130.0
1,2021-10-01,955.0,279.0,34,4711,4900,6536,3154,823,58,4226.0,9062.0,2919.0,2691.0,1364.0,2491.0,68.0,36.0
1,2021-11-01,620.0,255.0,24,4015,3734,6064,3057,879,93,6452.0,10542.0,4479.0,4491.0,2589.0,3328.0,133.0,24.0
1,2021-12-01,597.0,318.0,44,3985,4158,6364,3463,1056,130,5002.0,9752.0,3928.0,3459.0,2083.0,2961.0,156.0,20.0
1,2022-01-01,642.0,352.0,122,4353,4317,6487,4128,1321,225,5469.0,11337.0,4928.0,4661.0,2980.0,4280.0,105.0,45.0
1,2022-02-01,1026.0,560.0,219,6669,6763,9103,5218,1604,281,7565.0,13803.0,6146.0,6188.0,3541.0,5822.0,530.0,47.0
1,2022-03-01,1294.0,964.0,385,7081,7676,11025,6538,2175,234,8606.0,19659.0,9200.0,8810.0,4186.0,5581.0,378.0,117.0
1,2022-04-01,1103.0,548.0,413,6753,6366,9271,5189,1576,193,5267.0,11182.0,4780.0,4448.0,2740.0,3907.0,473.0,216.0
1,2022-05-01,1198.0,810.0,243,6247,7271,11223,7284,2680,242,7464.0,14916.0,6244.0,6278.0,3835.0,5593.0,411.0,236.0
1,2022-06-01,1559.0,825.0,79,5798,7289,10911,7039,2243,302,5884.0,14391.0,5846.0,5848.0,3553.0,5181.0,281.0,109.0
1,2022-07-01,982.0,560.0,79,5181,6227,8520,5051,1439,113,5850.0,11784.0,5300.0,4986.0,2913.0,4144.0,312.0,189.0
1,2022-08-01,1094.0,782.0,72,5365,6184,8632,5577,1736,158,6133.0,12818.0,5083.0,5158.0,2983.0,4786.0,168.0,106.0
1,2022-09-01,1192.0,721.0,17,4186,6062,8654,4941,1184,48,4814.0,13598.0,5994.0,5374.0,3492.0,5815.0,478.0,143.0
1,2022-10-01,874.0,310.0,18,3007,4620,6593,3469,859,68,4151.0,8606.0,4057.0,3709.0,1907.0,2764.0,104.0,36.0
1,2022-11-01,822.0,429.0,114,3871,5489,7732,4448,1261,171,6196.0,12580.0,5567.0,5724.0,3600.0,4810.0,294.0,58.0
1,2022-12-01,868.0,400.0,218,3915,5281,7837,4464,1408,237,21309.0,55202.0,21607.0,21838.0,12911.0,19822.0,598.0,110.0
1,2023-01-01,863.0,307.0,82,4511,5671,7720,4770,1376,241,13029.0,30129.0,13964.0,13481.0,7467.0,13802.0,521.0,200.0
1,2023-02-01,943.0,427.0,300,6168,6091,8505,5381,1535,212,18620.0,40627.0,17329.0,17801.0,10388.0,15750.0,851.0,152.0
1,2023-03-01,750.0,316.0,240,5285,5691,8198,4847,1373,160,11566.0,29957.0,12905.0,12410.0,7301.0,11261.0,400.0,135.0
1,2023-04-01,945.0,345.0,399,5240,5627,7515,4609,1260,195,4678.0,10794.0,5297.0,4835.0,2664.0,4322.0,305.0,10.0
1,2023-05-01,1014.0,368.0,288,5049,5607,7533,4673,1222,130,8497.0,29381.0,11154.0,12163.0,7654.0,19065.0,1315.0,193.0
1,2023-06-01,2300.0,367.0,74,9177,8326,9518,4979,1327,130,10918.0,23418.0,10885.0,11241.0,7002.0,11062.0,840.0,100.0
1,2023-07-01,958.0,398.0,78,4721,5797,8273,4935,1352,90,3546.0,9340.0,4368.0,4364.0,3054.0,4443.0,165.0,37.0
1,2023-08-01,1006.0,441.0,25,3835,5185,7552,4330,1112,59,2414.0,5857.0,2662.0,2693.0,1597.0,3866.0,187.0,38.0
1,2023-09-01,792.0,252.0,8,2752,4297,6223,3619,970,52,2226.0,5427.0,2214.0,2140.0,1220.0,2074.0,63.0,16.0
1,2023-10-01,694.0,325.0,57,2654,3775,5491,3573,1048,63,5326.0,12726.0,5597.0,5444.0,3224.0,5293.0,171.0,32.0
1,2023-11-01,662.0,338.0,61,2907,4248,6526,3959,1288,168,10266.0,23230.0,10557.0,10730.0,6660.0,12236.0,469.0,184.0
1,2023-12-01,714.0,315.0,110,2911,4201,6851,4200,1152,202,0.0,0.0,0.0,0.0,0.0,0.0,0.0,0.0
1,2024-01-01,839.0,389.0,79,3403,4394,7278,4327,1354,243,9897.0,26983.0,11143.0,10504.0,6979.0,10743.0,303.0,59.0
1,2024-02-01,833.0,357.0,243,4117,5379,8738,5241,1420,156,10631.0,28482.0,13670.0,14177.0,7780.0,12422.0,201.0,60.0
1,2024-03-01,698.0,233.0,248,4307,5220,7990,5173,1482,128,9753.0,26569.0,11092.0,13961.0,7983.0,12025.0,249.0,46.0
1,2024-04-01,683.0,205.0,234,4537,5391,7904,5023,1317,190,8656.0,24412.0,10663.0,11854.0,7100.0,12419.0,251.0,47.0
1,2024-05-01,550.0,160.0,271,4073,5296,7978,5042,1464,165,7631.0,24182.0,10789.0,12525.0,7438.0,13401.0,337.0,87.0
1,2024-06-01,920.0,254.0,181,8221,7883,9738,6257,1707,244,11135.0,38900.0,17683.0,18931.0,13474.0,23418.0,1328.0,392.0
1,2024-07-01,1123.0,201.0,138,8202,8010,10585,6340,1710,285,11057.0,28214.0,10360.0,11599.0,6683.0,9650.0,146.0,33.0
1,2024-08-01,592.0,207.0,107,3339,5322,8664,5452,1470,92,8724.0,23636.0,9694.0,9803.0,5698.0,9039.0,203.0,71.0
1,2024-09-01,460.0,126.0,31,2758,4924,8091,5684,1866,73,5845.0,16255.0,6848.0,6749.0,4516.0,6550.0,70.0,4.0
1,2024-10-01,587.0,197.0,29,3247,5592,7732,4781,1488,114,5803.0,15208.0,7158.0,7058.0,5060.0,6771.0,87.0,13.0
1,2024-11-01,598.0,237.0,165,3407,5333,8680,5469,1598,214,4697.0,12829.0,5923.0,5810.0,3503.0,5602.0,98.0,20.0
1,2024-12-01,655.0,241.0,208,3470,5018,8325,5253,1640,433,4870.0,12589.0,5590.0,5280.0,3381.0,4863.0,36.0,12.0
1,2025-01-01,591.0,150.0,113,3277,4978,8063,5268,1604,270,5925.0,13105.0,5760.0,5547.0,3455.0,4646.0,171.0,45.0
1,2025-02-01,624.0,148.0,226,4538,5187,8820,5634,1610,226,5170.0,12668.0,5887.0,5499.0,3314.0,6277.0,125.0,25.0
1,2025-03-01,578.0,171.0,302,4678,5002,8507,5692,1726,217,5847.0,15201.0,6426.0,6434.0,4260.0,6207.0,271.0,14.0
1,2025-04-01,544.0,184.0,402,3758,4570,7665,5198,1676,209,4714.0,14714.0,6073.0,6250.0,3658.0,10447.0,244.0,110.0
1,2025-05-01,588.0,165.0,198,4014,4692,7379,5296,1686,178,6130.0,19864.0,10040.0,9869.0,5077.0,13902.0,556.0,142.0
1,2025-06-01,950.0,195.0,110,6340,6162,9310,6768,1874,156,5674.0,13209.0,5687.0,5363.0,3419.0,5842.0,686.0,81.0
1,2025-07-01,662.0,207.0,23,3263,4720,7674,5282,1436,93,4313.0,11026.0,4962.0,5121.0,3182.0,4769.0,480.0,50.0
1,2025-08-01,582.0,144.0,21,2551,3933,6487,4276,1254,67,3737.0,10012.0,4322.0,4541.0,2975.0,5129.0,771.0,87.0
1,2025-09-01,397.0,87.0,17,1720,3051,5081,3367,925,61,2844.0,6813.0,3293.0,3130.0,2206.0,3685.0,691.0,7.0
1,2025-10-01,705.0,321.0,51,2435,4047,7093,5035,1384,142,5468.0,10864.0,4143.0,4174.0,2668.0,3902.0,157.0,1.0
1,2025-11-01,641.0,219.0,158,3381,4541,8518,6420,1833,270,4285.0,16180.0,7230.0,5825.0,3279.0,15434.0,531.0,142.0
1,2025-12-01,598.0,165.0,269,3656,4840,8654,6733,2086,235,6321.0,15017.0,5588.0,5950.0,3962.0,13788.0,527.0,38.0
1,2026-01-01,847.0,126.0,238,4752,5054,8180,5879,1870,316,3735.0,10709.0,4606.0,4569.0,2862.0,4631.0,60.0,0.0
1,2026-02-01,816.0,323.0,364,4632,5069,8431,6220,1951,304,4039.0,10975.0,5112.0,4959.0,2972.0,4928.0,144.0,58.0
1,2026-03-01,497.0,119.0,214,5099,4595,7721,5697,1690,229,3995.0,11504.0,4718.0,5112.0,2866.0,4668.0,156.0,19.0
1,2026-04-01,547.0,177.0,361,4062,4218,7398,5691,818,145,3216.0,9604.0,4071.0,4313.0,2365.0,3666.0,28.0,6.0
1,2026-05-01,599.0,285.0,70,3497,4645,7815,5532,1598,135,3207.0,9332.0,3925.0,3886.0,1900.0,3223.0,52.0,21.0
1,2026-06-01,498.0,258.0,37,3038,4188,7590,5335,1537,150,3033.0,9146.0,3801.0,3988.0,2440.0,3842.0,38.0,9.0
1,2026-07-01,465.0,157.0,36,2672,4062,6636,4435,1209,102,2825.0,7710.0,3603.0,3698.0,2072.0,3660.0,59.0,13.0
1,2026-08-01,405.0,145.0,32,1958,3225,5743,4078,1043,81,2301.0,6398.0,2958.0,2728.0,1575.0,2820.0,38.0,10.0
2,2014-01-01,1612.0,998.0,90,8028,7420,10483,6481,2445,117,4958.0,8778.0,4309.0,4565.0,2291.0,16223.0,91.0,0.0
2,2014-02-01,2624.0,1191.0,373,13312,9098,12363,7486,2588,91,4753.0,9041.0,6924.0,7249.0,4951.0,6894.0,222.0,33.0
2,2014-03-01,2297.0,1464.0,613,16737,9041,12168,7131,2240,68,5698.0,11291.0,5354.0,5490.0,2907.0,5095.0,223.0,46.0
2,2014-04-01,2629.0,1591.0,1034,16092,9513,12469,7534,2495,96,5485.0,10913.0,5338.0,5277.0,3078.0,4818.0,246.0,182.0
2,2014-05-01,2178.0,1222.0,295,13378,9686,12735,7467,2254,127,4477.0,8035.0,4152.0,4405.0,2313.0,3940.0,85.0,1.0
2,2014-06-01,2335.0,1982.0,157,14692,10976,14917,8855,2789,51,6876.0,11935.0,6006.0,6348.0,3375.0,6092.0,306.0,9.0
2,2014-07-01,1834.0,1671.0,82,10823,8911,12228,7430,2368,48,6308.0,11250.0,5428.0,5854.0,3318.0,5720.0,71.0,2.0
2,2014-08-01,1435.0,2005.0,179,9351,7950,10525,6446,1967,46,6856.0,12997.0,6100.0,6639.0,3561.0,4945.0,50.0,2.0
2,2014-09-01,1423.0,2421.0,108,9697,8017,11301,6864,2202,37,8681.0,17472.0,7794.0,7750.0,3971.0,5925.0,105.0,53.0
2,2014-10-01,1514.0,894.0,101,7855,7126,10152,6879,2362,42,5389.0,9131.0,4222.0,4310.0,1918.0,3651.0,98.0,16.0
2,2014-11-01,1782.0,1536.0,104,10179,7825,10564,6627,2121,24,6397.0,12088.0,5746.0,6251.0,2987.0,5346.0,88.0,31.0
2,2014-12-01,1408.0,1148.0,210,9468,6434,8751,5745,1848,44,5724.0,10379.0,5037.0,5562.0,2556.0,4147.0,95.0,7.0
2,2015-01-01,1821.0,1252.0,131,8603,8611,11131,7290,2639,49,5239.0,10927.0,5103.0,5255.0,2767.0,4588.0,179.0,24.0
2,2015-02-01,2122.0,1717.0,473,11561,10086,13350,8293,2826,52,7435.0,13250.0,6296.0,6477.0,3165.0,5737.0,154.0,16.0
2,2015-03-01,2143.0,1575.0,768,13545,9313,11973,7306,2459,30,6352.0,11878.0,5701.0,5907.0,2918.0,5155.0,189.0,3.0
2,2015-04-01,2488.0,1532.0,622,12866,9882,11767,7275,2379,36,5753.0,10832.0,5334.0,5229.0,2654.0,4236.0,101.0,9.0
2,2015-05-01,2660.0,1971.0,318,15757,11031,13663,8591,2684,45,5571.0,11306.0,5750.0,5943.0,2962.0,4899.0,159.0,3.0
2,2015-06-01,2322.0,2323.0,159,15497,11518,14122,8727,2779,36,8503.0,15646.0,7467.0,8064.0,4085.0,7362.0,182.0,5.0
2,2015-07-01,2091.0,2687.0,160,12710,10307,13782,8486,2643,52,8686.0,16470.0,7217.0,7415.0,3547.0,6237.0,205.0,16.0
2,2015-08-01,1939.0,1764.0,82,11134,8849,11328,7110,2345,44,6702.0,11315.0,5595.0,5446.0,2602.0,4841.0,121.0,4.0
2,2015-09-01,1766.0,1840.0,69,10511,8273,11507,7353,2434,21,6560.0,12545.0,5929.0,5807.0,2768.0,4634.0,105.0,6.0
2,2015-10-01,1442.0,1145.0,89,8449,7800,10507,6977,2421,26,6952.0,13231.0,6163.0,6541.0,3504.0,6778.0,212.0,12.0
2,2015-11-01,1979.0,1753.0,137,11655,9146,11822,7767,2490,13,6952.0,13231.0,6163.0,6541.0,3504.0,6778.0,212.0,12.0
2,2015-12-01,1430.0,1318.0,191,9888,7345,9156,6027,1911,22,7123.0,13493.0,6059.0,5889.0,2848.0,4689.0,81.0,0.0
2,2016-01-01,1773.0,1269.0,105,10080,9926,11986,7583,2854,47,6639.0,13139.0,6204.0,6038.0,2882.0,4908.0,160.0,14.0
2,2016-02-01,1808.0,1309.0,191,10449,10345,12760,7962,2982,37,7354.0,14115.0,6365.0,6332.0,3141.0,5547.0,157.0,8.0
2,2016-03-01,2297.0,1400.0,580,12958,10610,12996,8203,2811,38,6464.0,14028.0,6231.0,6210.0,3235.0,5210.0,201.0,9.0
2,2016-04-01,2654.0,1212.0,749,13427,10480,12072,7512,2664,34,6135.0,13189.0,6188.0,6170.0,3411.0,5788.0,197.0,39.0
2,2016-05-01,2712.0,1610.0,287,14221,11347,13668,9022,2938,26,6288.0,12726.0,5822.0,5742.0,2950.0,5181.0,86.0,11.0
2,2016-06-01,940.0,1797.0,130,8294,3200,2374,1120,325,48,6147.0,11639.0,5166.0,5074.0,2737.0,5683.0,338.0,4.0
2,2016-07-01,492.0,1173.0,199,5070,1912,1492,631,214,26,5551.0,11082.0,4725.0,4597.0,2496.0,4610.0,43.0,0.0
2,2016-08-01,598.0,1386.0,326,5550,2070,1562,788,292,30,5631.0,10458.0,4938.0,5078.0,2589.0,4138.0,127.0,17.0
2,2016-09-01,815.0,1018.0,296,5414,1921,1662,818,233,19,5448.0,10617.0,4353.0,4201.0,1938.0,3396.0,136.0,1.0
2,2016-10-01,480.0,808.0,105,2889,1556,1463,726,249,19,3774.0,7320.0,3386.0,3151.0,1601.0,3042.0,302.0,72.0
2,2016-11-01,621.0,824.0,80,4921,2464,2151,1187,368,22,5582.0,10815.0,4839.0,4887.0,2316.0,4091.0,191.0,7.0
2,2016-12-01,489.0,748.0,114,4356,2218,2089,1014,316,19,4944.0,9407.0,4336.0,4027.0,1987.0,3552.0,47.0,4.0
2,2017-01-01,528.0,901.0,122,4455,2992,2456,1204,461,41,5163.0,9841.0,4458.0,4624.0,2379.0,4110.0,69.0,1.0
2,2017-02-01,761.0,1023.0,251,6207,3801,3060,1661,522,38,5515.0,10728.0,5552.0,5048.0,2463.0,4329.0,249.0,5.0
2,2017-03-01,1000.0,909.0,520,7976,3485,2694,1418,549,66,6321.0,12715.0,5652.0,5206.0,2728.0,4639.0,212.0,18.0
2,2017-04-01,1036.0,738.0,639,7921,3107,2479,1231,435,114,5177.0,10933.0,4522.0,5544.0,3316.0,4621.0,66.0,12.0
2,2017-05-01,962.0,1130.0,278,7785,3167,2398,1265,455,73,6193.0,13139.0,5545.0,5473.0,2802.0,4136.0,57.0,3.0
2,2017-06-01,816.0,1837.0,153,7974,3170,2303,1233,458,166,6885.0,14245.0,7006.0,6661.0,3890.0,5220.0,83.0,1.0
2,2017-07-01,1218.0,1517.0,198,7915,3387,2405,1315,372,161,6654.0,12158.0,5600.0,5568.0,3186.0,4731.0,83.0,5.0
2,2017-08-01,454.0,1626.0,29,3530,1967,1849,997,343,472,5997.0,10474.0,4345.0,4291.0,2275.0,3824.0,54.0,17.0
2,2017-09-01,330.0,1335.0,120,2827,1536,1417,739,239,410,6797.0,9679.0,4304.0,4100.0,1955.0,3380.0,121.0,20.0
2,2017-10-01,303.0,690.0,21,2783,1828,1637,979,376,47,4078.0,16291.0,3243.0,3265.0,1620.0,2751.0,62.0,27.0
2,2017-11-01,389.0,771.0,61,3512,2146,2123,1288,463,112,5234.0,8970.0,3926.0,4062.0,1968.0,3131.0,72.0,9.0
2,2017-12-01,352.0,709.0,93,3842,2150,1934,880,302,279,5149.0,8013.0,3755.0,3544.0,1929.0,2919.0,74.0,6.0
2,2018-01-01,659.0,953.0,46,5107,4227,3045,1580,557,256,7091.0,13208.0,6560.0,6878.0,3614.0,6318.0,173.0,7.0
2,2018-02-01,352.0,998.0,197,4993,2404,2103,973,388,218,5403.0,10273.0,4731.0,4491.0,2453.0,3704.0,133.0,5.0
2,2018-03-01,434.0,1039.0,1215,6691,2321,2055,1011,396,172,4972.0,9861.0,4458.0,4375.0,2250.0,3607.0,89.0,14.0
2,2018-04-01,523.0,856.0,1493,8507,2147,1809,901,362,229,4692.0,10418.0,4831.0,4425.0,2456.0,3150.0,124.0,0.0
2,2018-05-01,560.0,1025.0,528,7092,3000,2234,1098,396,204,5959.0,11118.0,4924.0,4871.0,2817.0,3566.0,169.0,4.0
2,2018-06-01,419.0,738.0,256,4799,2356,2076,1074,398,188,5094.0,9050.0,4195.0,4034.0,2068.0,2988.0,60.0,7.0
2,2018-07-01,483.0,769.0,53,3103,2064,1739,921,284,176,4604.0,7187.0,3343.0,3274.0,1677.0,3236.0,81.0,0.0
2,2018-08-01,441.0,793.0,126,3618,2046,1907,1072,326,191,5284.0,8372.0,3941.0,3648.0,1566.0,3147.0,68.0,1.0
2,2018-09-01,405.0,1018.0,26,3804,2140,1947,1288,432,111,5093.0,9069.0,4198.0,4160.0,2335.0,4118.0,54.0,6.0
2,2018-10-01,270.0,649.0,13,2915,1799,1556,962,304,142,4056.0,6597.0,2929.0,2862.0,1460.0,2456.0,67.0,2.0
2,2018-11-01,282.0,630.0,41,3468,1934,1707,1049,349,178,4614.0,8290.0,3596.0,3582.0,1968.0,2697.0,90.0,3.0
2,2018-12-01,370.0,735.0,95,3493,1988,1812,1087,405,208,4633.0,8115.0,3741.0,3561.0,1909.0,2762.0,184.0,9.0
2,2019-01-01,351.0,768.0,264,4284,2654,2075,1287,564,238,5149.0,9711.0,4055.0,4034.0,2033.0,3019.0,101.0,11.0
2,2019-02-01,801.0,871.0,502,7257,2768,2135,1263,476,260,5618.0,11384.0,5398.0,5266.0,3179.0,4490.0,184.0,6.0
2,2019-03-01,477.0,837.0,989,8750,2603,2261,1294,448,213,6958.0,14177.0,6947.0,6572.0,3945.0,4758.0,211.0,0.0
2,2019-04-01,415.0,882.0,1555,11162,2607,1931,1084,420,383,5321.0,12787.0,5924.0,5444.0,3334.0,3660.0,113.0,9.0
2,2019-05-01,710.0,1024.0,1170,8743,2619,1930,1072,418,136,5478.0,11836.0,5575.0,5178.0,3003.0,3672.0,63.0,12.0
2,2019-06-01,598.0,947.0,179,5415,2534,1835,1050,401,158,5657.0,9990.0,4647.0,4206.0,2090.0,3252.0,181.0,24.0
2,2019-07-01,578.0,1235.0,24,4013,2185,1817,1074,375,84,4702.0,8064.0,3625.0,3224.0,1636.0,2952.0,106.0,2.0
2,2019-08-01,288.0,1094.0,371,3634,1584,1491,1025,486,88,4954.0,10293.0,4581.0,4207.0,2435.0,3638.0,261.0,141.0
2,2019-09-01,235.0,766.0,51,1957,1258,1260,734,282,39,3614.0,6251.0,2420.0,2279.0,1116.0,1871.0,45.0,18.0
2,2019-10-01,271.0,813.0,15,2206,1508,1443,950,407,54,3370.0,6386.0,2583.0,2451.0,1242.0,2249.0,60.0,10.0
2,2019-11-01,289.0,712.0,54,2768,1770,1769,990,360,67,3991.0,7185.0,3114.0,2960.0,1552.0,2361.0,56.0,5.0
2,2019-12-01,220.0,685.0,122,2998,1730,1633,959,312,73,3674.0,7705.0,3070.0,2976.0,1635.0,2843.0,72.0,4.0
2,2020-01-01,882.0,1010.0,56,3436,4134,7958,4288,1247,119,3827.0,7205.0,3132.0,3028.0,1614.0,2244.0,41.0,3.0
2,2020-02-01,1086.0,842.0,104,4754,4877,8825,5092,1496,147,4010.0,7654.0,3407.0,3281.0,1742.0,2820.0,46.0,6.0
2,2020-03-01,860.0,779.0,280,7993,4009,7341,4617,1309,185,3746.0,6308.0,2804.0,2652.0,1374.0,1860.0,25.0,6.0
2,2020-04-01,1347.0,361.0,677,8714,4651,6227,3143,840,210,2895.0,14218.0,6736.0,6838.0,5325.0,6197.0,42.0,9.0
2,2020-05-01,1445.0,450.0,566,9529,5307,7493,3597,1118,267,4090.0,9091.0,4543.0,4045.0,2449.0,4141.0,97.0,33.0
2,2020-06-01,1785.0,444.0,1012,12640,6685,8943,5216,1580,344,5658.0,12876.0,5715.0,5376.0,3055.0,4601.0,229.0,48.0
2,2020-07-01,1795.0,901.0,324,10204,6707,9325,4690,1417,320,5964.0,13586.0,6125.0,5667.0,3246.0,5173.0,321.0,101.0
2,2020-08-01,1755.0,679.0,366,11078,7404,10147,5253,1621,256,6451.0,13460.0,5470.0,5391.0,2662.0,4227.0,133.0,32.0
2,2020-09-01,1458.0,578.0,172,7420,5292,7402,3544,981,126,94365.0,155311.0,59241.0,55779.0,30803.0,61513.0,3807.0,823.0
2,2020-10-01,1208.0,440.0,119,5253,4346,6426,3432,1083,70,3305.0,5423.0,2123.0,2311.0,1006.0,2206.0,47.0,3.0
2,2020-11-01,1973.0,1169.0,88,11708,9750,12766,6656,2332,154,5439.0,9996.0,4572.0,4791.0,3037.0,4932.0,130.0,61.0
2,2020-12-01,1770.0,972.0,405,10983,7869,9646,5534,1526,259,5083.0,10553.0,4724.0,4445.0,2891.0,4997.0,165.0,36.0
2,2021-01-01,1488.0,646.0,220,7603,5588,8276,5273,1646,281,4840.0,8894.0,4030.0,4299.0,2601.0,4253.0,236.0,22.0
2,2021-02-01,1693.0,881.0,194,7630,5850,9184,5647,1592,324,5855.0,12109.0,5574.0,5360.0,3305.0,5993.0,808.0,159.0
2,2021-03-01,1916.0,731.0,576,9665,6300,8925,4647,1435,303,11184.0,25386.0,11430.0,11642.0,5966.0,14070.0,384.0,77.0
2,2021-04-01,1499.0,390.0,559,8795,4936,7278,4354,1273,209,5236.0,10648.0,4245.0,4125.0,2241.0,6285.0,523.0,172.0
2,2021-05-01,2263.0,696.0,299,11634,6413,9039,5221,1591,232,5478.0,11459.0,5279.0,5177.0,2983.0,13141.0,615.0,343.0
2,2021-06-01,2173.0,782.0,279,11461,6652,10804,6237,1800,222,6365.0,12342.0,5749.0,5624.0,3077.0,6293.0,592.0,418.0
2,2021-07-01,1583.0,542.0,89,8457,6158,9068,5002,1303,194,5657.0,11968.0,5290.0,5774.0,3354.0,7800.0,402.0,87.0
2,2021-08-01,3458.0,823.0,290,14463,9379,11432,5681,1431,212,8253.0,19323.0,8538.0,8751.0,5262.0,9576.0,341.0,72.0
2,2021-09-01,2126.0,974.0,105,8905,6468,9032,5089,1439,175,14340.0,48968.0,14712.0,13492.0,8140.0,12713.0,529.0,130.0
2,2021-10-01,1493.0,336.0,34,4711,4900,6536,3154,823,58,4226.0,9062.0,2919.0,2691.0,1364.0,2491.0,68.0,36.0
2,2021-11-01,783.0,330.0,24,4015,3734,6064,3057,879,93,6452.0,10542.0,4479.0,4491.0,2589.0,3328.0,133.0,24.0
2,2021-12-01,755.0,273.0,44,3985,4158,6364,3463,1056,130,5002.0,9752.0,3928.0,3459.0,2083.0,2961.0,156.0,20.0
2,2022-01-01,984.0,351.0,122,4353,4317,6487,4128,1321,225,5469.0,11337.0,4928.0,4661.0,2980.0,4280.0,105.0,45.0
2,2022-02-01,1451.0,606.0,219,6669,6763,9103,5218,1604,281,7565.0,13803.0,6146.0,6188.0,3541.0,5822.0,530.0,47.0
2,2022-03-01,1590.0,666.0,385,7081,7676,11025,6538,2175,234,8606.0,19659.0,9200.0,8810.0,4186.0,5581.0,378.0,117.0
2,2022-04-01,1452.0,570.0,413,6753,6366,9271,5189,1576,193,5267.0,11182.0,4780.0,4448.0,2740.0,3907.0,473.0,216.0
2,2022-05-01,1817.0,612.0,243,6247,7271,11223,7284,2680,242,7464.0,14916.0,6244.0,6278.0,3835.0,5593.0,411.0,236.0
2,2022-06-01,2153.0,920.0,79,5798,7289,10911,7039,2243,302,5884.0,14391.0,5846.0,5848.0,3553.0,5181.0,281.0,109.0
2,2022-07-01,1352.0,509.0,79,5181,6227,8520,5051,1439,113,5850.0,11784.0,5300.0,4986.0,2913.0,4144.0,312.0,189.0
2,2022-08-01,1306.0,645.0,72,5365,6184,8632,5577,1736,158,6133.0,12818.0,5083.0,5158.0,2983.0,4786.0,168.0,106.0
2,2022-09-01,1235.0,724.0,17,4186,6062,8654,4941,1184,48,4814.0,13598.0,5994.0,5374.0,3492.0,5815.0,478.0,143.0
2,2022-10-01,1074.0,385.0,18,3007,4620,6593,3469,859,68,4151.0,8606.0,4057.0,3709.0,1907.0,2764.0,104.0,36.0
2,2022-11-01,1236.0,551.0,114,3871,5489,7732,4448,1261,171,6196.0,12580.0,5567.0,5724.0,3600.0,4810.0,294.0,58.0
2,2022-12-01,1142.0,493.0,218,3915,5281,7837,4464,1408,237,21309.0,55202.0,21607.0,21838.0,12911.0,19822.0,598.0,110.0
2,2023-01-01,1369.0,390.0,82,4511,5671,7720,4770,1376,241,13029.0,30129.0,13964.0,13481.0,7467.0,13802.0,521.0,200.0
2,2023-02-01,1393.0,355.0,300,6168,6091,8505,5381,1535,212,18620.0,40627.0,17329.0,17801.0,10388.0,15750.0,851.0,152.0
2,2023-03-01,1326.0,514.0,240,5285,5691,8198,4847,1373,160,11566.0,29957.0,12905.0,12410.0,7301.0,11261.0,400.0,135.0
2,2023-04-01,1422.0,383.0,399,5240,5627,7515,4609,1260,195,4678.0,10794.0,5297.0,4835.0,2664.0,4322.0,305.0,10.0
2,2023-05-01,1454.0,341.0,288,5049,5607,7533,4673,1222,130,8497.0,29381.0,11154.0,12163.0,7654.0,19065.0,1315.0,193.0
2,2023-06-01,4450.0,465.0,74,9177,8326,9518,4979,1327,130,10918.0,23418.0,10885.0,11241.0,7002.0,11062.0,840.0,100.0
2,2023-07-01,1618.0,487.0,78,4721,5797,8273,4935,1352,90,3546.0,9340.0,4368.0,4364.0,3054.0,4443.0,165.0,37.0
2,2023-08-01,1378.0,462.0,25,3835,5185,7552,4330,1112,59,2414.0,5857.0,2662.0,2693.0,1597.0,3866.0,187.0,38.0
2,2023-09-01,1094.0,442.0,8,2752,4297,6223,3619,970,52,2226.0,5427.0,2214.0,2140.0,1220.0,2074.0,63.0,16.0
2,2023-10-01,907.0,330.0,57,2654,3775,5491,3573,1048,63,5326.0,12726.0,5597.0,5444.0,3224.0,5293.0,171.0,32.0
2,2023-11-01,931.0,331.0,61,2907,4248,6526,3959,1288,168,10266.0,23230.0,10557.0,10730.0,6660.0,12236.0,469.0,184.0
2,2023-12-01,1005.0,245.0,110,2911,4201,6851,4200,1152,202,0.0,0.0,0.0,0.0,0.0,0.0,0.0,0.0
2,2024-01-01,1042.0,296.0,79,3403,4394,7278,4327,1354,243,9897.0,26983.0,11143.0,10504.0,6979.0,10743.0,303.0,59.0
2,2024-02-01,1464.0,411.0,243,4117,5379,8738,5241,1420,156,10631.0,28482.0,13670.0,14177.0,7780.0,12422.0,201.0,60.0
2,2024-03-01,1372.0,338.0,248,4307,5220,7990,5173,1482,128,9753.0,26569.0,11092.0,13961.0,7983.0,12025.0,249.0,46.0
2,2024-04-01,1639.0,449.0,234,4537,5391,7904,5023,1317,190,8656.0,24412.0,10663.0,11854.0,7100.0,12419.0,251.0,47.0
2,2024-05-01,1470.0,387.0,271,4073,5296,7978,5042,1464,165,7631.0,24182.0,10789.0,12525.0,7438.0,13401.0,337.0,87.0
2,2024-06-01,4277.0,445.0,181,8221,7883,9738,6257,1707,244,11135.0,38900.0,17683.0,18931.0,13474.0,23418.0,1328.0,392.0
2,2024-07-01,4981.0,479.0,138,8202,8010,10585,6340,1710,285,11057.0,28214.0,10360.0,11599.0,6683.0,9650.0,146.0,33.0
2,2024-08-01,1460.0,426.0,107,3339,5322,8664,5452,1470,92,8724.0,23636.0,9694.0,9803.0,5698.0,9039.0,203.0,71.0
2,2024-09-01,1264.0,433.0,31,2758,4924,8091,5684,1866,73,5845.0,16255.0,6848.0,6749.0,4516.0,6550.0,70.0,4.0
2,2024-10-01,2214.0,275.0,29,3247,5592,7732,4781,1488,114,5803.0,15208.0,7158.0,7058.0,5060.0,6771.0,87.0,13.0
2,2024-11-01,1594.0,479.0,165,3407,5333,8680,5469,1598,214,4697.0,12829.0,5923.0,5810.0,3503.0,5602.0,98.0,20.0
2,2024-12-01,1547.0,408.0,208,3470,5018,8325,5253,1640,433,4870.0,12589.0,5590.0,5280.0,3381.0,4863.0,36.0,12.0
2,2025-01-01,1530.0,378.0,113,3277,4978,8063,5268,1604,270,5925.0,13105.0,5760.0,5547.0,3455.0,4646.0,171.0,45.0
2,2025-02-01,1670.0,424.0,226,4538,5187,8820,5634,1610,226,5170.0,12668.0,5887.0,5499.0,3314.0,6277.0,125.0,25.0
2,2025-03-01,1585.0,436.0,302,4678,5002,8507,5692,1726,217,5847.0,15201.0,6426.0,6434.0,4260.0,6207.0,271.0,14.0
2,2025-04-01,1377.0,495.0,402,3758,4570,7665,5198,1676,209,4714.0,14714.0,6073.0,6250.0,3658.0,10447.0,244.0,110.0
2,2025-05-01,1764.0,481.0,198,4014,4692,7379,5296,1686,178,6130.0,19864.0,10040.0,9869.0,5077.0,13902.0,556.0,142.0
2,2025-06-01,3429.0,519.0,110,6340,6162,9310,6768,1874,156,5674.0,13209.0,5687.0,5363.0,3419.0,5842.0,686.0,81.0
2,2025-07-01,1422.0,471.0,23,3263,4720,7674,5282,1436,93,4313.0,11026.0,4962.0,5121.0,3182.0,4769.0,480.0,50.0
2,2025-08-01,1159.0,333.0,21,2551,3933,6487,4276,1254,67,3737.0,10012.0,4322.0,4541.0,2975.0,5129.0,771.0,87.0
2,2025-09-01,903.0,256.0,17,1720,3051,5081,3367,925,61,2844.0,6813.0,3293.0,3130.0,2206.0,3685.0,691.0,7.0
2,2025-10-01,1104.0,297.0,51,2435,4047,7093,5035,1384,142,5468.0,10864.0,4143.0,4174.0,2668.0,3902.0,157.0,1.0
2,2025-11-01,1239.0,403.0,158,3381,4541,8518,6420,1833,270,4285.0,16180.0,7230.0,5825.0,3279.0,15434.0,531.0,142.0
2,2025-12-01,1337.0,383.0,269,3656,4840,8654,6733,2086,235,6321.0,15017.0,5588.0,5950.0,3962.0,13788.0,527.0,38.0
2,2026-01-01,2533.0,288.0,238,4752,5054,8180,5879,1870,316,3735.0,10709.0,4606.0,4569.0,2862.0,4631.0,60.0,0.0
2,2026-02-01,1647.0,507.0,364,4632,5069,8431,6220,1951,304,4039.0,10975.0,5112.0,4959.0,2972.0,4928.0,144.0,58.0
2,2026-03-01,1469.0,616.0,214,5099,4595,7721,5697,1690,229,3995.0,11504.0,4718.0,5112.0,2866.0,4668.0,156.0,19.0
2,2026-04-01,1150.0,372.0,361,4062,4218,7398,5691,818,145,3216.0,9604.0,4071.0,4313.0,2365.0,3666.0,28.0,6.0
2,2026-05-01,1296.0,444.0,70,3497,4645,7815,5532,1598,135,3207.0,9332.0,3925.0,3886.0,1900.0,3223.0,52.0,21.0
2,2026-06-01,1325.0,453.0,37,3038,4188,7590,5335,1537,150,3033.0,9146.0,3801.0,3988.0,2440.0,3842.0,38.0,9.0
2,2026-07-01,1251.0,368.0,36,2672,4062,6636,4435,1209,102,2825.0,7710.0,3603.0,3698.0,2072.0,3660.0,59.0,13.0
2,2026-08-01,961.0,223.0,32,1958,3225,5743,4078,1043,81,2301.0,6398.0,2958.0,2728.0,1575.0,2820.0,38.0,10.0
3,2014-01-01,3174.0,2325.0,90,8028,7420,10483,6481,2445,117,4958.0,8778.0,4309.0,4565.0,2291.0,16223.0,91.0,0.0
3,2014-02-01,5094.0,2908.0,373,13312,9098,12363,7486,2588,91,4753.0,9041.0,6924.0,7249.0,4951.0,6894.0,222.0,33.0
3,2014-03-01,5020.0,3525.0,613,16737,9041,12168,7131,2240,68,5698.0,11291.0,5354.0,5490.0,2907.0,5095.0,223.0,46.0
3,2014-04-01,5004.0,3500.0,1034,16092,9513,12469,7534,2495,96,5485.0,10913.0,5338.0,5277.0,3078.0,4818.0,246.0,182.0
3,2014-05-01,4411.0,3111.0,295,13378,9686,12735,7467,2254,127,4477.0,8035.0,4152.0,4405.0,2313.0,3940.0,85.0,1.0
3,2014-06-01,4954.0,4198.0,157,14692,10976,14917,8855,2789,51,6876.0,11935.0,6006.0,6348.0,3375.0,6092.0,306.0,9.0
3,2014-07-01,3908.0,3873.0,82,10823,8911,12228,7430,2368,48,6308.0,11250.0,5428.0,5854.0,3318.0,5720.0,71.0,2.0
3,2014-08-01,3314.0,4946.0,179,9351,7950,10525,6446,1967,46,6856.0,12997.0,6100.0,6639.0,3561.0,4945.0,50.0,2.0
3,2014-09-01,3475.0,5464.0,108,9697,8017,11301,6864,2202,37,8681.0,17472.0,7794.0,7750.0,3971.0,5925.0,105.0,53.0
3,2014-10-01,2943.0,2477.0,101,7855,7126,10152,6879,2362,42,5389.0,9131.0,4222.0,4310.0,1918.0,3651.0,98.0,16.0
3,2014-11-01,3413.0,3432.0,104,10179,7825,10564,6627,2121,24,6397.0,12088.0,5746.0,6251.0,2987.0,5346.0,88.0,31.0
3,2014-12-01,3067.0,3285.0,210,9468,6434,8751,5745,1848,44,5724.0,10379.0,5037.0,5562.0,2556.0,4147.0,95.0,7.0
3,2015-01-01,3603.0,3304.0,131,8603,8611,11131,7290,2639,49,5239.0,10927.0,5103.0,5255.0,2767.0,4588.0,179.0,24.0
3,2015-02-01,4894.0,4198.0,473,11561,10086,13350,8293,2826,52,7435.0,13250.0,6296.0,6477.0,3165.0,5737.0,154.0,16.0
3,2015-03-01,4898.0,3471.0,768,13545,9313,11973,7306,2459,30,6352.0,11878.0,5701.0,5907.0,2918.0,5155.0,189.0,3.0
3,2015-04-01,4700.0,3391.0,622,12866,9882,11767,7275,2379,36,5753.0,10832.0,5334.0,5229.0,2654.0,4236.0,101.0,9.0
3,2015-05-01,5183.0,3815.0,318,15757,11031,13663,8591,2684,45,5571.0,11306.0,5750.0,5943.0,2962.0,4899.0,159.0,3.0
3,2015-06-01,5118.0,4618.0,159,15497,11518,14122,8727,2779,36,8503.0,15646.0,7467.0,8064.0,4085.0,7362.0,182.0,5.0
3,2015-07-01,4778.0,4837.0,160,12710,10307,13782,8486,2643,52,8686.0,16470.0,7217.0,7415.0,3547.0,6237.0,205.0,16.0
3,2015-08-01,3961.0,3672.0,82,11134,8849,11328,7110,2345,44,6702.0,11315.0,5595.0,5446.0,2602.0,4841.0,121.0,4.0
3,2015-09-01,3964.0,3909.0,69,10511,8273,11507,7353,2434,21,6560.0,12545.0,5929.0,5807.0,2768.0,4634.0,105.0,6.0
3,2015-10-01,3303.0,2783.0,89,8449,7800,10507,6977,2421,26,6952.0,13231.0,6163.0,6541.0,3504.0,6778.0,212.0,12.0
3,2015-11-01,4021.0,3764.0,137,11655,9146,11822,7767,2490,13,6952.0,13231.0,6163.0,6541.0,3504.0,6778.0,212.0,12.0
3,2015-12-01,3233.0,3541.0,191,9888,7345,9156,6027,1911,22,7123.0,13493.0,6059.0,5889.0,2848.0,4689.0,81.0,0.0
3,2016-01-01,4399.0,3389.0,105,10080,9926,11986,7583,2854,47,6639.0,13139.0,6204.0,6038.0,2882.0,4908.0,160.0,14.0
3,2016-02-01,4581.0,3372.0,191,10449,10345,12760,7962,2982,37,7354.0,14115.0,6365.0,6332.0,3141.0,5547.0,157.0,8.0
3,2016-03-01,5333.0,3385.0,580,12958,10610,12996,8203,2811,38,6464.0,14028.0,6231.0,6210.0,3235.0,5210.0,201.0,9.0
3,2016-04-01,5215.0,3407.0,749,13427,10480,12072,7512,2664,34,6135.0,13189.0,6188.0,6170.0,3411.0,5788.0,197.0,39.0
3,2016-05-01,5520.0,3724.0,287,14221,11347,13668,9022,2938,26,6288.0,12726.0,5822.0,5742.0,2950.0,5181.0,86.0,11.0
3,2016-06-01,1806.0,3980.0,130,8294,3200,2374,1120,325,48,6147.0,11639.0,5166.0,5074.0,2737.0,5683.0,338.0,4.0
3,2016-07-01,956.0,2894.0,199,5070,1912,1492,631,214,26,5551.0,11082.0,4725.0,4597.0,2496.0,4610.0,43.0,0.0
3,2016-08-01,1381.0,2878.0,326,5550,2070,1562,788,292,30,5631.0,10458.0,4938.0,5078.0,2589.0,4138.0,127.0,17.0
3,2016-09-01,1408.0,3036.0,296,5414,1921,1662,818,233,19,5448.0,10617.0,4353.0,4201.0,1938.0,3396.0,136.0,1.0
3,2016-10-01,748.0,1563.0,105,2889,1556,1463,726,249,19,3774.0,7320.0,3386.0,3151.0,1601.0,3042.0,302.0,72.0
3,2016-11-01,1341.0,2206.0,80,4921,2464,2151,1187,368,22,5582.0,10815.0,4839.0,4887.0,2316.0,4091.0,191.0,7.0
3,2016-12-01,1304.0,1976.0,114,4356,2218,2089,1014,316,19,4944.0,9407.0,4336.0,4027.0,1987.0,3552.0,47.0,4.0
3,2017-01-01,1169.0,2058.0,122,4455,2992,2456,1204,461,41,5163.0,9841.0,4458.0,4624.0,2379.0,4110.0,69.0,1.0
3,2017-02-01,1901.0,2619.0,251,6207,3801,3060,1661,522,38,5515.0,10728.0,5552.0,5048.0,2463.0,4329.0,249.0,5.0
3,2017-03-01,2208.0,2862.0,520,7976,3485,2694,1418,549,66,6321.0,12715.0,5652.0,5206.0,2728.0,4639.0,212.0,18.0
3,2017-04-01,2097.0,2389.0,639,7921,3107,2479,1231,435,114,5177.0,10933.0,4522.0,5544.0,3316.0,4621.0,66.0,12.0
3,2017-05-01,1874.0,2683.0,278,7785,3167,2398,1265,455,73,6193.0,13139.0,5545.0,5473.0,2802.0,4136.0,57.0,3.0
3,2017-06-01,1911.0,4206.0,153,7974,3170,2303,1233,458,166,6885.0,14245.0,7006.0,6661.0,3890.0,5220.0,83.0,1.0
3,2017-07-01,1956.0,3717.0,198,7915,3387,2405,1315,372,161,6654.0,12158.0,5600.0,5568.0,3186.0,4731.0,83.0,5.0
3,2017-08-01,987.0,3143.0,29,3530,1967,1849,997,343,472,5997.0,10474.0,4345.0,4291.0,2275.0,3824.0,54.0,17.0
3,2017-09-01,842.0,3275.0,120,2827,1536,1417,739,239,410,6797.0,9679.0,4304.0,4100.0,1955.0,3380.0,121.0,20.0
3,2017-10-01,777.0,1554.0,21,2783,1828,1637,979,376,47,4078.0,16291.0,3243.0,3265.0,1620.0,2751.0,62.0,27.0
3,2017-11-01,930.0,2103.0,61,3512,2146,2123,1288,463,112,5234.0,8970.0,3926.0,4062.0,1968.0,3131.0,72.0,9.0
3,2017-12-01,801.0,1822.0,93,3842,2150,1934,880,302,279,5149.0,8013.0,3755.0,3544.0,1929.0,2919.0,74.0,6.0
3,2018-01-01,1693.0,2585.0,46,5107,4227,3045,1580,557,256,7091.0,13208.0,6560.0,6878.0,3614.0,6318.0,173.0,7.0
3,2018-02-01,1522.0,2939.0,197,4993,2404,2103,973,388,218,5403.0,10273.0,4731.0,4491.0,2453.0,3704.0,133.0,5.0
3,2018-03-01,2187.0,2908.0,1215,6691,2321,2055,1011,396,172,4972.0,9861.0,4458.0,4375.0,2250.0,3607.0,89.0,14.0
3,2018-04-01,1969.0,2918.0,1493,8507,2147,1809,901,362,229,4692.0,10418.0,4831.0,4425.0,2456.0,3150.0,124.0,0.0
3,2018-05-01,2203.0,3910.0,528,7092,3000,2234,1098,396,204,5959.0,11118.0,4924.0,4871.0,2817.0,3566.0,169.0,4.0
3,2018-06-01,1509.0,2451.0,256,4799,2356,2076,1074,398,188,5094.0,9050.0,4195.0,4034.0,2068.0,2988.0,60.0,7.0
3,2018-07-01,926.0,1838.0,53,3103,2064,1739,921,284,176,4604.0,7187.0,3343.0,3274.0,1677.0,3236.0,81.0,0.0
3,2018-08-01,973.0,2276.0,126,3618,2046,1907,1072,326,191,5284.0,8372.0,3941.0,3648.0,1566.0,3147.0,68.0,1.0
3,2018-09-01,1113.0,2262.0,26,3804,2140,1947,1288,432,111,5093.0,9069.0,4198.0,4160.0,2335.0,4118.0,54.0,6.0
3,2018-10-01,761.0,1610.0,13,2915,1799,1556,962,304,142,4056.0,6597.0,2929.0,2862.0,1460.0,2456.0,67.0,2.0
3,2018-11-01,951.0,1858.0,41,3468,1934,1707,1049,349,178,4614.0,8290.0,3596.0,3582.0,1968.0,2697.0,90.0,3.0
3,2018-12-01,1086.0,2061.0,95,3493,1988,1812,1087,405,208,4633.0,8115.0,3741.0,3561.0,1909.0,2762.0,184.0,9.0
3,2019-01-01,1548.0,2556.0,264,4284,2654,2075,1287,564,238,5149.0,9711.0,4055.0,4034.0,2033.0,3019.0,101.0,11.0
3,2019-02-01,2219.0,3120.0,502,7257,2768,2135,1263,476,260,5618.0,11384.0,5398.0,5266.0,3179.0,4490.0,184.0,6.0
3,2019-03-01,2671.0,4125.0,989,8750,2603,2261,1294,448,213,6958.0,14177.0,6947.0,6572.0,3945.0,4758.0,211.0,0.0
3,2019-04-01,3022.0,4364.0,1555,11162,2607,1931,1084,420,383,5321.0,12787.0,5924.0,5444.0,3334.0,3660.0,113.0,9.0
3,2019-05-01,2289.0,4516.0,1170,8743,2619,1930,1072,418,136,5478.0,11836.0,5575.0,5178.0,3003.0,3672.0,63.0,12.0
3,2019-06-01,1633.0,2646.0,179,5415,2534,1835,1050,401,158,5657.0,9990.0,4647.0,4206.0,2090.0,3252.0,181.0,24.0
3,2019-07-01,1043.0,2587.0,24,4013,2185,1817,1074,375,84,4702.0,8064.0,3625.0,3224.0,1636.0,2952.0,106.0,2.0
3,2019-08-01,1087.0,3027.0,371,3634,1584,1491,1025,486,88,4954.0,10293.0,4581.0,4207.0,2435.0,3638.0,261.0,141.0
3,2019-09-01,505.0,1967.0,51,1957,1258,1260,734,282,39,3614.0,6251.0,2420.0,2279.0,1116.0,1871.0,45.0,18.0
3,2019-10-01,620.0,1670.0,15,2206,1508,1443,950,407,54,3370.0,6386.0,2583.0,2451.0,1242.0,2249.0,60.0,10.0
3,2019-11-01,824.0,1790.0,54,2768,1770,1769,990,360,67,3991.0,7185.0,3114.0,2960.0,1552.0,2361.0,56.0,5.0
3,2019-12-01,853.0,1827.0,122,2998,1730,1633,959,312,73,3674.0,7705.0,3070.0,2976.0,1635.0,2843.0,72.0,4.0
3,2020-01-01,2114.0,1839.0,56,3436,4134,7958,4288,1247,119,3827.0,7205.0,3132.0,3028.0,1614.0,2244.0,41.0,3.0
3,2020-02-01,2757.0,2180.0,104,4754,4877,8825,5092,1496,147,4010.0,7654.0,3407.0,3281.0,1742.0,2820.0,46.0,6.0
3,2020-03-01,3100.0,2664.0,280,7993,4009,7341,4617,1309,185,3746.0,6308.0,2804.0,2652.0,1374.0,1860.0,25.0,6.0
3,2020-04-01,4436.0,1792.0,677,8714,4651,6227,3143,840,210,2895.0,14218.0,6736.0,6838.0,5325.0,6197.0,42.0,9.0
3,2020-05-01,5218.0,3057.0,566,9529,5307,7493,3597,1118,267,4090.0,9091.0,4543.0,4045.0,2449.0,4141.0,97.0,33.0
3,2020-06-01,6908.0,4586.0,1012,12640,6685,8943,5216,1580,344,5658.0,12876.0,5715.0,5376.0,3055.0,4601.0,229.0,48.0
3,2020-07-01,6350.0,4270.0,324,10204,6707,9325,4690,1417,320,5964.0,13586.0,6125.0,5667.0,3246.0,5173.0,321.0,101.0
3,2020-08-01,6531.0,4713.0,366,11078,7404,10147,5253,1621,256,6451.0,13460.0,5470.0,5391.0,2662.0,4227.0,133.0,32.0
3,2020-09-01,3963.0,2771.0,172,7420,5292,7402,3544,981,126,94365.0,155311.0,59241.0,55779.0,30803.0,61513.0,3807.0,823.0
3,2020-10-01,3421.0,2239.0,119,5253,4346,6426,3432,1083,70,3305.0,5423.0,2123.0,2311.0,1006.0,2206.0,47.0,3.0
3,2020-11-01,5859.0,4711.0,88,11708,9750,12766,6656,2332,154,5439.0,9996.0,4572.0,4791.0,3037.0,4932.0,130.0,61.0
3,2020-12-01,4924.0,3686.0,405,10983,7869,9646,5534,1526,259,5083.0,10553.0,4724.0,4445.0,2891.0,4997.0,165.0,36.0
3,2021-01-01,4496.0,3156.0,220,7603,5588,8276,5273,1646,281,4840.0,8894.0,4030.0,4299.0,2601.0,4253.0,236.0,22.0
3,2021-02-01,4433.0,3218.0,194,7630,5850,9184,5647,1592,324,5855.0,12109.0,5574.0,5360.0,3305.0,5993.0,808.0,159.0
3,2021-03-01,5704.0,2968.0,576,9665,6300,8925,4647,1435,303,11184.0,25386.0,11430.0,11642.0,5966.0,14070.0,384.0,77.0
3,2021-04-01,5063.0,2737.0,559,8795,4936,7278,4354,1273,209,5236.0,10648.0,4245.0,4125.0,2241.0,6285.0,523.0,172.0
3,2021-05-01,6360.0,3355.0,299,11634,6413,9039,5221,1591,232,5478.0,11459.0,5279.0,5177.0,2983.0,13141.0,615.0,343.0
3,2021-06-01,6433.0,3668.0,279,11461,6652,10804,6237,1800,222,6365.0,12342.0,5749.0,5624.0,3077.0,6293.0,592.0,418.0
3,2021-07-01,5765.0,4025.0,89,8457,6158,9068,5002,1303,194,5657.0,11968.0,5290.0,5774.0,3354.0,7800.0,402.0,87.0
3,2021-08-01,8461.0,3777.0,290,14463,9379,11432,5681,1431,212,8253.0,19323.0,8538.0,8751.0,5262.0,9576.0,341.0,72.0
3,2021-09-01,5678.0,3482.0,105,8905,6468,9032,5089,1439,175,14340.0,48968.0,14712.0,13492.0,8140.0,12713.0,529.0,130.0
3,2021-10-01,3909.0,1342.0,34,4711,4900,6536,3154,823,58,4226.0,9062.0,2919.0,2691.0,1364.0,2491.0,68.0,36.0
3,2021-11-01,2842.0,1770.0,24,4015,3734,6064,3057,879,93,6452.0,10542.0,4479.0,4491.0,2589.0,3328.0,133.0,24.0
3,2021-12-01,2976.0,1788.0,44,3985,4158,6364,3463,1056,130,5002.0,9752.0,3928.0,3459.0,2083.0,2961.0,156.0,20.0
3,2022-01-01,3252.0,1938.0,122,4353,4317,6487,4128,1321,225,5469.0,11337.0,4928.0,4661.0,2980.0,4280.0,105.0,45.0
3,2022-02-01,5012.0,3610.0,219,6669,6763,9103,5218,1604,281,7565.0,13803.0,6146.0,6188.0,3541.0,5822.0,530.0,47.0
3,2022-03-01,4988.0,3464.0,385,7081,7676,11025,6538,2175,234,8606.0,19659.0,9200.0,8810.0,4186.0,5581.0,378.0,117.0
3,2022-04-01,4542.0,3059.0,413,6753,6366,9271,5189,1576,193,5267.0,11182.0,4780.0,4448.0,2740.0,3907.0,473.0,216.0
3,2022-05-01,5254.0,3629.0,243,6247,7271,11223,7284,2680,242,7464.0,14916.0,6244.0,6278.0,3835.0,5593.0,411.0,236.0
3,2022-06-01,5044.0,3581.0,79,5798,7289,10911,7039,2243,302,5884.0,14391.0,5846.0,5848.0,3553.0,5181.0,281.0,109.0
3,2022-07-01,4534.0,2997.0,79,5181,6227,8520,5051,1439,113,5850.0,11784.0,5300.0,4986.0,2913.0,4144.0,312.0,189.0
3,2022-08-01,4459.0,3425.0,72,5365,6184,8632,5577,1736,158,6133.0,12818.0,5083.0,5158.0,2983.0,4786.0,168.0,106.0
3,2022-09-01,3436.0,2422.0,17,4186,6062,8654,4941,1184,48,4814.0,13598.0,5994.0,5374.0,3492.0,5815.0,478.0,143.0
3,2022-10-01,3104.0,1883.0,18,3007,4620,6593,3469,859,68,4151.0,8606.0,4057.0,3709.0,1907.0,2764.0,104.0,36.0
3,2022-11-01,3585.0,2342.0,114,3871,5489,7732,4448,1261,171,6196.0,12580.0,5567.0,5724.0,3600.0,4810.0,294.0,58.0
3,2022-12-01,3451.0,2134.0,218,3915,5281,7837,4464,1408,237,21309.0,55202.0,21607.0,21838.0,12911.0,19822.0,598.0,110.0
3,2023-01-01,4098.0,2264.0,82,4511,5671,7720,4770,1376,241,13029.0,30129.0,13964.0,13481.0,7467.0,13802.0,521.0,200.0
3,2023-02-01,5369.0,2991.0,300,6168,6091,8505,5381,1535,212,18620.0,40627.0,17329.0,17801.0,10388.0,15750.0,851.0,152.0
3,2023-03-01,4802.0,3153.0,240,5285,5691,8198,4847,1373,160,11566.0,29957.0,12905.0,12410.0,7301.0,11261.0,400.0,135.0
3,2023-04-01,4251.0,2613.0,399,5240,5627,7515,4609,1260,195,4678.0,10794.0,5297.0,4835.0,2664.0,4322.0,305.0,10.0
3,2023-05-01,4489.0,2667.0,288,5049,5607,7533,4673,1222,130,8497.0,29381.0,11154.0,12163.0,7654.0,19065.0,1315.0,193.0
3,2023-06-01,6390.0,2917.0,74,9177,8326,9518,4979,1327,130,10918.0,23418.0,10885.0,11241.0,7002.0,11062.0,840.0,100.0
3,2023-07-01,4648.0,2762.0,78,4721,5797,8273,4935,1352,90,3546.0,9340.0,4368.0,4364.0,3054.0,4443.0,165.0,37.0
3,2023-08-01,3940.0,2387.0,25,3835,5185,7552,4330,1112,59,2414.0,5857.0,2662.0,2693.0,1597.0,3866.0,187.0,38.0
3,2023-09-01,3606.0,2218.0,8,2752,4297,6223,3619,970,52,2226.0,5427.0,2214.0,2140.0,1220.0,2074.0,63.0,16.0
3,2023-10-01,3141.0,2281.0,57,2654,3775,5491,3573,1048,63,5326.0,12726.0,5597.0,5444.0,3224.0,5293.0,171.0,32.0
3,2023-11-01,3564.0,2488.0,61,2907,4248,6526,3959,1288,168,10266.0,23230.0,10557.0,10730.0,6660.0,12236.0,469.0,184.0
3,2023-12-01,3575.0,2533.0,110,2911,4201,6851,4200,1152,202,0.0,0.0,0.0,0.0,0.0,0.0,0.0,0.0
3,2024-01-01,4127.0,2699.0,79,3403,4394,7278,4327,1354,243,9897.0,26983.0,11143.0,10504.0,6979.0,10743.0,303.0,59.0
3,2024-02-01,4881.0,2996.0,243,4117,5379,8738,5241,1420,156,10631.0,28482.0,13670.0,14177.0,7780.0,12422.0,201.0,60.0
3,2024-03-01,4858.0,2691.0,248,4307,5220,7990,5173,1482,128,9753.0,26569.0,11092.0,13961.0,7983.0,12025.0,249.0,46.0
3,2024-04-01,4668.0,2756.0,234,4537,5391,7904,5023,1317,190,8656.0,24412.0,10663.0,11854.0,7100.0,12419.0,251.0,47.0
3,2024-05-01,4359.0,2580.0,271,4073,5296,7978,5042,1464,165,7631.0,24182.0,10789.0,12525.0,7438.0,13401.0,337.0,87.0
3,2024-06-01,6456.0,3431.0,181,8221,7883,9738,6257,1707,244,11135.0,38900.0,17683.0,18931.0,13474.0,23418.0,1328.0,392.0
3,2024-07-01,6138.0,2703.0,138,8202,8010,10585,6340,1710,285,11057.0,28214.0,10360.0,11599.0,6683.0,9650.0,146.0,33.0
3,2024-08-01,4178.0,2589.0,107,3339,5322,8664,5452,1470,92,8724.0,23636.0,9694.0,9803.0,5698.0,9039.0,203.0,71.0
3,2024-09-01,4428.0,2292.0,31,2758,4924,8091,5684,1866,73,5845.0,16255.0,6848.0,6749.0,4516.0,6550.0,70.0,4.0
3,2024-10-01,4928.0,2322.0,29,3247,5592,7732,4781,1488,114,5803.0,15208.0,7158.0,7058.0,5060.0,6771.0,87.0,13.0
3,2024-11-01,5144.0,2881.0,165,3407,5333,8680,5469,1598,214,4697.0,12829.0,5923.0,5810.0,3503.0,5602.0,98.0,20.0
3,2024-12-01,4559.0,2727.0,208,3470,5018,8325,5253,1640,433,4870.0,12589.0,5590.0,5280.0,3381.0,4863.0,36.0,12.0
3,2025-01-01,4816.0,2546.0,113,3277,4978,8063,5268,1604,270,5925.0,13105.0,5760.0,5547.0,3455.0,4646.0,171.0,45.0
3,2025-02-01,5441.0,2945.0,226,4538,5187,8820,5634,1610,226,5170.0,12668.0,5887.0,5499.0,3314.0,6277.0,125.0,25.0
3,2025-03-01,5212.0,2921.0,302,4678,5002,8507,5692,1726,217,5847.0,15201.0,6426.0,6434.0,4260.0,6207.0,271.0,14.0
3,2025-04-01,4241.0,2293.0,402,3758,4570,7665,5198,1676,209,4714.0,14714.0,6073.0,6250.0,3658.0,10447.0,244.0,110.0
3,2025-05-01,4462.0,2786.0,198,4014,4692,7379,5296,1686,178,6130.0,19864.0,10040.0,9869.0,5077.0,13902.0,556.0,142.0
3,2025-06-01,6286.0,3305.0,110,6340,6162,9310,6768,1874,156,5674.0,13209.0,5687.0,5363.0,3419.0,5842.0,686.0,81.0
3,2025-07-01,4481.0,2733.0,23,3263,4720,7674,5282,1436,93,4313.0,11026.0,4962.0,5121.0,3182.0,4769.0,480.0,50.0
3,2025-08-01,3626.0,2163.0,21,2551,3933,6487,4276,1254,67,3737.0,10012.0,4322.0,4541.0,2975.0,5129.0,771.0,87.0
3,2025-09-01,3020.0,1701.0,17,1720,3051,5081,3367,925,61,2844.0,6813.0,3293.0,3130.0,2206.0,3685.0,691.0,7.0
3,2025-10-01,3880.0,2131.0,51,2435,4047,7093,5035,1384,142,5468.0,10864.0,4143.0,4174.0,2668.0,3902.0,157.0,1.0
3,2025-11-01,5261.0,2851.0,158,3381,4541,8518,6420,1833,270,4285.0,16180.0,7230.0,5825.0,3279.0,15434.0,531.0,142.0
3,2025-12-01,5110.0,2935.0,269,3656,4840,8654,6733,2086,235,6321.0,15017.0,5588.0,5950.0,3962.0,13788.0,527.0,38.0
3,2026-01-01,5117.0,2207.0,238,4752,5054,8180,5879,1870,316,3735.0,10709.0,4606.0,4569.0,2862.0,4631.0,60.0,0.0
3,2026-02-01,5806.0,3460.0,364,4632,5069,8431,6220,1951,304,4039.0,10975.0,5112.0,4959.0,2972.0,4928.0,144.0,58.0
3,2026-03-01,5261.0,2917.0,214,5099,4595,7721,5697,1690,229,3995.0,11504.0,4718.0,5112.0,2866.0,4668.0,156.0,19.0
3,2026-04-01,4420.0,2445.0,361,4062,4218,7398,5691,818,145,3216.0,9604.0,4071.0,4313.0,2365.0,3666.0,28.0,6.0
3,2026-05-01,4421.0,2490.0,70,3497,4645,7815,5532,1598,135,3207.0,9332.0,3925.0,3886.0,1900.0,3223.0,52.0,21.0
3,2026-06-01,4313.0,2674.0,37,3038,4188,7590,5335,1537,150,3033.0,9146.0,3801.0,3988.0,2440.0,3842.0,38.0,9.0
3,2026-07-01,3813.0,2031.0,36,2672,4062,6636,4435,1209,102,2825.0,7710.0,3603.0,3698.0,2072.0,3660.0,59.0,13.0
3,2026-08-01,3299.0,1761.0,32,1958,3225,5743,4078,1043,81,2301.0,6398.0,2958.0,2728.0,1575.0,2820.0,38.0,10.0
4,2014-01-01,5266.0,3864.0,90,8028,7420,10483,6481,2445,117,4958.0,8778.0,4309.0,4565.0,2291.0,16223.0,91.0,0.0
4,2014-02-01,7699.0,5054.0,373,13312,9098,12363,7486,2588,91,4753.0,9041.0,6924.0,7249.0,4951.0,6894.0,222.0,33.0
4,2014-03-01,8606.0,5737.0,613,16737,9041,12168,7131,2240,68,5698.0,11291.0,5354.0,5490.0,2907.0,5095.0,223.0,46.0
4,2014-04-01,8568.0,6120.0,1034,16092,9513,12469,7534,2495,96,5485.0,10913.0,5338.0,5277.0,3078.0,4818.0,246.0,182.0
4,2014-05-01,7935.0,4790.0,295,13378,9686,12735,7467,2254,127,4477.0,8035.0,4152.0,4405.0,2313.0,3940.0,85.0,1.0
4,2014-06-01,9213.0,7348.0,157,14692,10976,14917,8855,2789,51,6876.0,11935.0,6006.0,6348.0,3375.0,6092.0,306.0,9.0
4,2014-07-01,6896.0,6672.0,82,10823,8911,12228,7430,2368,48,6308.0,11250.0,5428.0,5854.0,3318.0,5720.0,71.0,2.0
4,2014-08-01,5618.0,6981.0,179,9351,7950,10525,6446,1967,46,6856.0,12997.0,6100.0,6639.0,3561.0,4945.0,50.0,2.0
4,2014-09-01,5767.0,9084.0,108,9697,8017,11301,6864,2202,37,8681.0,17472.0,7794.0,7750.0,3971.0,5925.0,105.0,53.0
4,2014-10-01,5217.0,3986.0,101,7855,7126,10152,6879,2362,42,5389.0,9131.0,4222.0,4310.0,1918.0,3651.0,98.0,16.0
4,2014-11-01,6119.0,5718.0,104,10179,7825,10564,6627,2121,24,6397.0,12088.0,5746.0,6251.0,2987.0,5346.0,88.0,31.0
4,2014-12-01,5119.0,5255.0,210,9468,6434,8751,5745,1848,44,5724.0,10379.0,5037.0,5562.0,2556.0,4147.0,95.0,7.0
4,2015-01-01,6182.0,4967.0,131,8603,8611,11131,7290,2639,49,5239.0,10927.0,5103.0,5255.0,2767.0,4588.0,179.0,24.0
4,2015-02-01,7536.0,6096.0,473,11561,10086,13350,8293,2826,52,7435.0,13250.0,6296.0,6477.0,3165.0,5737.0,154.0,16.0
4,2015-03-01,7949.0,6310.0,768,13545,9313,11973,7306,2459,30,6352.0,11878.0,5701.0,5907.0,2918.0,5155.0,189.0,3.0
4,2015-04-01,7438.0,5194.0,622,12866,9882,11767,7275,2379,36,5753.0,10832.0,5334.0,5229.0,2654.0,4236.0,101.0,9.0
4,2015-05-01,9049.0,6239.0,318,15757,11031,13663,8591,2684,45,5571.0,11306.0,5750.0,5943.0,2962.0,4899.0,159.0,3.0
4,2015-06-01,8625.0,8191.0,159,15497,11518,14122,8727,2779,36,8503.0,15646.0,7467.0,8064.0,4085.0,7362.0,182.0,5.0
4,2015-07-01,7415.0,7901.0,160,12710,10307,13782,8486,2643,52,8686.0,16470.0,7217.0,7415.0,3547.0,6237.0,205.0,16.0
4,2015-08-01,6691.0,6268.0,82,11134,8849,11328,7110,2345,44,6702.0,11315.0,5595.0,5446.0,2602.0,4841.0,121.0,4.0
4,2015-09-01,5805.0,5771.0,69,10511,8273,11507,7353,2434,21,6560.0,12545.0,5929.0,5807.0,2768.0,4634.0,105.0,6.0
4,2015-10-01,5273.0,4605.0,89,8449,7800,10507,6977,2421,26,6952.0,13231.0,6163.0,6541.0,3504.0,6778.0,212.0,12.0
4,2015-11-01,6283.0,6783.0,137,11655,9146,11822,7767,2490,13,6952.0,13231.0,6163.0,6541.0,3504.0,6778.0,212.0,12.0
4,2015-12-01,5144.0,5243.0,191,9888,7345,9156,6027,1911,22,7123.0,13493.0,6059.0,5889.0,2848.0,4689.0,81.0,0.0
4,2016-01-01,6124.0,5426.0,105,10080,9926,11986,7583,2854,47,6639.0,13139.0,6204.0,6038.0,2882.0,4908.0,160.0,14.0
4,2016-02-01,6866.0,5326.0,191,10449,10345,12760,7962,2982,37,7354.0,14115.0,6365.0,6332.0,3141.0,5547.0,157.0,8.0
4,2016-03-01,7113.0,5493.0,580,12958,10610,12996,8203,2811,38,6464.0,14028.0,6231.0,6210.0,3235.0,5210.0,201.0,9.0
4,2016-04-01,7420.0,5140.0,749,13427,10480,12072,7512,2664,34,6135.0,13189.0,6188.0,6170.0,3411.0,5788.0,197.0,39.0
4,2016-05-01,8053.0,5476.0,287,14221,11347,13668,9022,2938,26,6288.0,12726.0,5822.0,5742.0,2950.0,5181.0,86.0,11.0
4,2016-06-01,3516.0,5738.0,130,8294,3200,2374,1120,325,48,6147.0,11639.0,5166.0,5074.0,2737.0,5683.0,338.0,4.0
4,2016-07-01,2186.0,4365.0,199,5070,1912,1492,631,214,26,5551.0,11082.0,4725.0,4597.0,2496.0,4610.0,43.0,0.0
4,2016-08-01,2346.0,4130.0,326,5550,2070,1562,788,292,30,5631.0,10458.0,4938.0,5078.0,2589.0,4138.0,127.0,17.0
4,2016-09-01,1849.0,3593.0,296,5414,1921,1662,818,233,19,5448.0,10617.0,4353.0,4201.0,1938.0,3396.0,136.0,1.0
4,2016-10-01,1356.0,2494.0,105,2889,1556,1463,726,249,19,3774.0,7320.0,3386.0,3151.0,1601.0,3042.0,302.0,72.0
4,2016-11-01,2662.0,3848.0,80,4921,2464,2151,1187,368,22,5582.0,10815.0,4839.0,4887.0,2316.0,4091.0,191.0,7.0
4,2016-12-01,1979.0,3073.0,114,4356,2218,2089,1014,316,19,4944.0,9407.0,4336.0,4027.0,1987.0,3552.0,47.0,4.0
4,2017-01-01,2254.0,3586.0,122,4455,2992,2456,1204,461,41,5163.0,9841.0,4458.0,4624.0,2379.0,4110.0,69.0,1.0
4,2017-02-01,3233.0,4568.0,251,6207,3801,3060,1661,522,38,5515.0,10728.0,5552.0,5048.0,2463.0,4329.0,249.0,5.0
4,2017-03-01,3676.0,4572.0,520,7976,3485,2694,1418,549,66,6321.0,12715.0,5652.0,5206.0,2728.0,4639.0,212.0,18.0
4,2017-04-01,2899.0,3558.0,639,7921,3107,2479,1231,435,114,5177.0,10933.0,4522.0,5544.0,3316.0,4621.0,66.0,12.0
4,2017-05-01,3417.0,4775.0,278,7785,3167,2398,1265,455,73,6193.0,13139.0,5545.0,5473.0,2802.0,4136.0,57.0,3.0
4,2017-06-01,3678.0,6792.0,153,7974,3170,2303,1233,458,166,6885.0,14245.0,7006.0,6661.0,3890.0,5220.0,83.0,1.0
4,2017-07-01,3716.0,6147.0,198,7915,3387,2405,1315,372,161,6654.0,12158.0,5600.0,5568.0,3186.0,4731.0,83.0,5.0
4,2017-08-01,1657.0,4881.0,29,3530,1967,1849,997,343,472,5997.0,10474.0,4345.0,4291.0,2275.0,3824.0,54.0,17.0
4,2017-09-01,1330.0,4979.0,120,2827,1536,1417,739,239,410,6797.0,9679.0,4304.0,4100.0,1955.0,3380.0,121.0,20.0
4,2017-10-01,1437.0,2962.0,21,2783,1828,1637,979,376,47,4078.0,16291.0,3243.0,3265.0,1620.0,2751.0,62.0,27.0
4,2017-11-01,1871.0,3849.0,61,3512,2146,2123,1288,463,112,5234.0,8970.0,3926.0,4062.0,1968.0,3131.0,72.0,9.0
4,2017-12-01,1728.0,3399.0,93,3842,2150,1934,880,302,279,5149.0,8013.0,3755.0,3544.0,1929.0,2919.0,74.0,6.0
4,2018-01-01,3370.0,4432.0,46,5107,4227,3045,1580,557,256,7091.0,13208.0,6560.0,6878.0,3614.0,6318.0,173.0,7.0
4,2018-02-01,2111.0,4188.0,197,4993,2404,2103,973,388,218,5403.0,10273.0,4731.0,4491.0,2453.0,3704.0,133.0,5.0
4,2018-03-01,2509.0,4256.0,1215,6691,2321,2055,1011,396,172,4972.0,9861.0,4458.0,4375.0,2250.0,3607.0,89.0,14.0
4,2018-04-01,2965.0,4648.0,1493,8507,2147,1809,901,362,229,4692.0,10418.0,4831.0,4425.0,2456.0,3150.0,124.0,0.0
4,2018-05-01,2766.0,5276.0,528,7092,3000,2234,1098,396,204,5959.0,11118.0,4924.0,4871.0,2817.0,3566.0,169.0,4.0
4,2018-06-01,2610.0,4116.0,256,4799,2356,2076,1074,398,188,5094.0,9050.0,4195.0,4034.0,2068.0,2988.0,60.0,7.0
4,2018-07-01,1862.0,3571.0,53,3103,2064,1739,921,284,176,4604.0,7187.0,3343.0,3274.0,1677.0,3236.0,81.0,0.0
4,2018-08-01,1685.0,3473.0,126,3618,2046,1907,1072,326,191,5284.0,8372.0,3941.0,3648.0,1566.0,3147.0,68.0,1.0
4,2018-09-01,1815.0,3234.0,26,3804,2140,1947,1288,432,111,5093.0,9069.0,4198.0,4160.0,2335.0,4118.0,54.0,6.0
4,2018-10-01,1701.0,3125.0,13,2915,1799,1556,962,304,142,4056.0,6597.0,2929.0,2862.0,1460.0,2456.0,67.0,2.0
4,2018-11-01,1916.0,3622.0,41,3468,1934,1707,1049,349,178,4614.0,8290.0,3596.0,3582.0,1968.0,2697.0,90.0,3.0
4,2018-12-01,1771.0,3764.0,95,3493,1988,1812,1087,405,208,4633.0,8115.0,3741.0,3561.0,1909.0,2762.0,184.0,9.0
4,2019-01-01,1964.0,3663.0,264,4284,2654,2075,1287,564,238,5149.0,9711.0,4055.0,4034.0,2033.0,3019.0,101.0,11.0
4,2019-02-01,2733.0,4019.0,502,7257,2768,2135,1263,476,260,5618.0,11384.0,5398.0,5266.0,3179.0,4490.0,184.0,6.0
4,2019-03-01,2907.0,5295.0,989,8750,2603,2261,1294,448,213,6958.0,14177.0,6947.0,6572.0,3945.0,4758.0,211.0,0.0
4,2019-04-01,3295.0,5629.0,1555,11162,2607,1931,1084,420,383,5321.0,12787.0,5924.0,5444.0,3334.0,3660.0,113.0,9.0
4,2019-05-01,3020.0,5655.0,1170,8743,2619,1930,1072,418,136,5478.0,11836.0,5575.0,5178.0,3003.0,3672.0,63.0,12.0
4,2019-06-01,2506.0,4927.0,179,5415,2534,1835,1050,401,158,5657.0,9990.0,4647.0,4206.0,2090.0,3252.0,181.0,24.0
4,2019-07-01,1876.0,4491.0,24,4013,2185,1817,1074,375,84,4702.0,8064.0,3625.0,3224.0,1636.0,2952.0,106.0,2.0
4,2019-08-01,1665.0,4842.0,371,3634,1584,1491,1025,486,88,4954.0,10293.0,4581.0,4207.0,2435.0,3638.0,261.0,141.0
4,2019-09-01,1028.0,3391.0,51,1957,1258,1260,734,282,39,3614.0,6251.0,2420.0,2279.0,1116.0,1871.0,45.0,18.0
4,2019-10-01,1175.0,2760.0,15,2206,1508,1443,950,407,54,3370.0,6386.0,2583.0,2451.0,1242.0,2249.0,60.0,10.0
4,2019-11-01,1339.0,3053.0,54,2768,1770,1769,990,360,67,3991.0,7185.0,3114.0,2960.0,1552.0,2361.0,56.0,5.0
4,2019-12-01,1525.0,2977.0,122,2998,1730,1633,959,312,73,3674.0,7705.0,3070.0,2976.0,1635.0,2843.0,72.0,4.0
4,2020-01-01,4054.0,2780.0,56,3436,4134,7958,4288,1247,119,3827.0,7205.0,3132.0,3028.0,1614.0,2244.0,41.0,3.0
4,2020-02-01,4575.0,3197.0,104,4754,4877,8825,5092,1496,147,4010.0,7654.0,3407.0,3281.0,1742.0,2820.0,46.0,6.0
4,2020-03-01,4503.0,3523.0,280,7993,4009,7341,4617,1309,185,3746.0,6308.0,2804.0,2652.0,1374.0,1860.0,25.0,6.0
4,2020-04-01,6528.0,1948.0,677,8714,4651,6227,3143,840,210,2895.0,14218.0,6736.0,6838.0,5325.0,6197.0,42.0,9.0
4,2020-05-01,6452.0,2618.0,566,9529,5307,7493,3597,1118,267,4090.0,9091.0,4543.0,4045.0,2449.0,4141.0,97.0,33.0
4,2020-06-01,7878.0,3872.0,1012,12640,6685,8943,5216,1580,344,5658.0,12876.0,5715.0,5376.0,3055.0,4601.0,229.0,48.0
4,2020-07-01,7087.0,3824.0,324,10204,6707,9325,4690,1417,320,5964.0,13586.0,6125.0,5667.0,3246.0,5173.0,321.0,101.0
4,2020-08-01,7441.0,3731.0,366,11078,7404,10147,5253,1621,256,6451.0,13460.0,5470.0,5391.0,2662.0,4227.0,133.0,32.0
4,2020-09-01,5525.0,3558.0,172,7420,5292,7402,3544,981,126,94365.0,155311.0,59241.0,55779.0,30803.0,61513.0,3807.0,823.0
4,2020-10-01,4056.0,1928.0,119,5253,4346,6426,3432,1083,70,3305.0,5423.0,2123.0,2311.0,1006.0,2206.0,47.0,3.0
4,2020-11-01,5869.0,3820.0,88,11708,9750,12766,6656,2332,154,5439.0,9996.0,4572.0,4791.0,3037.0,4932.0,130.0,61.0
4,2020-12-01,5804.0,3790.0,405,10983,7869,9646,5534,1526,259,5083.0,10553.0,4724.0,4445.0,2891.0,4997.0,165.0,36.0
4,2021-01-01,4845.0,3028.0,220,7603,5588,8276,5273,1646,281,4840.0,8894.0,4030.0,4299.0,2601.0,4253.0,236.0,22.0
4,2021-02-01,4811.0,2612.0,194,7630,5850,9184,5647,1592,324,5855.0,12109.0,5574.0,5360.0,3305.0,5993.0,808.0,159.0
4,2021-03-01,6069.0,2625.0,576,9665,6300,8925,4647,1435,303,11184.0,25386.0,11430.0,11642.0,5966.0,14070.0,384.0,77.0
4,2021-04-01,5722.0,2388.0,559,8795,4936,7278,4354,1273,209,5236.0,10648.0,4245.0,4125.0,2241.0,6285.0,523.0,172.0
4,2021-05-01,6311.0,2659.0,299,11634,6413,9039,5221,1591,232,5478.0,11459.0,5279.0,5177.0,2983.0,13141.0,615.0,343.0
4,2021-06-01,7342.0,3526.0,279,11461,6652,10804,6237,1800,222,6365.0,12342.0,5749.0,5624.0,3077.0,6293.0,592.0,418.0
4,2021-07-01,5945.0,2554.0,89,8457,6158,9068,5002,1303,194,5657.0,11968.0,5290.0,5774.0,3354.0,7800.0,402.0,87.0
4,2021-08-01,8982.0,2794.0,290,14463,9379,11432,5681,1431,212,8253.0,19323.0,8538.0,8751.0,5262.0,9576.0,341.0,72.0
4,2021-09-01,5385.0,2497.0,105,8905,6468,9032,5089,1439,175,14340.0,48968.0,14712.0,13492.0,8140.0,12713.0,529.0,130.0
4,2021-10-01,4447.0,1300.0,34,4711,4900,6536,3154,823,58,4226.0,9062.0,2919.0,2691.0,1364.0,2491.0,68.0,36.0
4,2021-11-01,3258.0,1651.0,24,4015,3734,6064,3057,879,93,6452.0,10542.0,4479.0,4491.0,2589.0,3328.0,133.0,24.0
4,2021-12-01,3298.0,1788.0,44,3985,4158,6364,3463,1056,130,5002.0,9752.0,3928.0,3459.0,2083.0,2961.0,156.0,20.0
4,2022-01-01,3407.0,1744.0,122,4353,4317,6487,4128,1321,225,5469.0,11337.0,4928.0,4661.0,2980.0,4280.0,105.0,45.0
4,2022-02-01,5717.0,3024.0,219,6669,6763,9103,5218,1604,281,7565.0,13803.0,6146.0,6188.0,3541.0,5822.0,530.0,47.0
4,2022-03-01,6482.0,2770.0,385,7081,7676,11025,6538,2175,234,8606.0,19659.0,9200.0,8810.0,4186.0,5581.0,378.0,117.0
4,2022-04-01,6586.0,2984.0,413,6753,6366,9271,5189,1576,193,5267.0,11182.0,4780.0,4448.0,2740.0,3907.0,473.0,216.0
4,2022-05-01,7385.0,4453.0,243,6247,7271,11223,7284,2680,242,7464.0,14916.0,6244.0,6278.0,3835.0,5593.0,411.0,236.0
4,2022-06-01,7265.0,3788.0,79,5798,7289,10911,7039,2243,302,5884.0,14391.0,5846.0,5848.0,3553.0,5181.0,281.0,109.0
4,2022-07-01,5303.0,3250.0,79,5181,6227,8520,5051,1439,113,5850.0,11784.0,5300.0,4986.0,2913.0,4144.0,312.0,189.0
4,2022-08-01,5272.0,4178.0,72,5365,6184,8632,5577,1736,158,6133.0,12818.0,5083.0,5158.0,2983.0,4786.0,168.0,106.0
4,2022-09-01,4387.0,3024.0,17,4186,6062,8654,4941,1184,48,4814.0,13598.0,5994.0,5374.0,3492.0,5815.0,478.0,143.0
4,2022-10-01,3684.0,1500.0,18,3007,4620,6593,3469,859,68,4151.0,8606.0,4057.0,3709.0,1907.0,2764.0,104.0,36.0
4,2022-11-01,4539.0,2632.0,114,3871,5489,7732,4448,1261,171,6196.0,12580.0,5567.0,5724.0,3600.0,4810.0,294.0,58.0
4,2022-12-01,4447.0,2205.0,218,3915,5281,7837,4464,1408,237,21309.0,55202.0,21607.0,21838.0,12911.0,19822.0,598.0,110.0
4,2023-01-01,4664.0,2004.0,82,4511,5671,7720,4770,1376,241,13029.0,30129.0,13964.0,13481.0,7467.0,13802.0,521.0,200.0
4,2023-02-01,5098.0,2321.0,300,6168,6091,8505,5381,1535,212,18620.0,40627.0,17329.0,17801.0,10388.0,15750.0,851.0,152.0
4,2023-03-01,4871.0,2374.0,240,5285,5691,8198,4847,1373,160,11566.0,29957.0,12905.0,12410.0,7301.0,11261.0,400.0,135.0
4,2023-04-01,4624.0,2056.0,399,5240,5627,7515,4609,1260,195,4678.0,10794.0,5297.0,4835.0,2664.0,4322.0,305.0,10.0
4,2023-05-01,4794.0,1945.0,288,5049,5607,7533,4673,1222,130,8497.0,29381.0,11154.0,12163.0,7654.0,19065.0,1315.0,193.0
4,2023-06-01,7579.0,2472.0,74,9177,8326,9518,4979,1327,130,10918.0,23418.0,10885.0,11241.0,7002.0,11062.0,840.0,100.0
4,2023-07-01,5703.0,2739.0,78,4721,5797,8273,4935,1352,90,3546.0,9340.0,4368.0,4364.0,3054.0,4443.0,165.0,37.0
4,2023-08-01,4848.0,1788.0,25,3835,5185,7552,4330,1112,59,2414.0,5857.0,2662.0,2693.0,1597.0,3866.0,187.0,38.0
4,2023-09-01,3861.0,1331.0,8,2752,4297,6223,3619,970,52,2226.0,5427.0,2214.0,2140.0,1220.0,2074.0,63.0,16.0
4,2023-10-01,2800.0,1442.0,57,2654,3775,5491,3573,1048,63,5326.0,12726.0,5597.0,5444.0,3224.0,5293.0,171.0,32.0
4,2023-11-01,3165.0,1803.0,61,2907,4248,6526,3959,1288,168,10266.0,23230.0,10557.0,10730.0,6660.0,12236.0,469.0,184.0
4,2023-12-01,3793.0,1950.0,110,2911,4201,6851,4200,1152,202,0.0,0.0,0.0,0.0,0.0,0.0,0.0,0.0
4,2024-01-01,3494.0,1835.0,79,3403,4394,7278,4327,1354,243,9897.0,26983.0,11143.0,10504.0,6979.0,10743.0,303.0,59.0
4,2024-02-01,4341.0,2094.0,243,4117,5379,8738,5241,1420,156,10631.0,28482.0,13670.0,14177.0,7780.0,12422.0,201.0,60.0
4,2024-03-01,4588.0,2299.0,248,4307,5220,7990,5173,1482,128,9753.0,26569.0,11092.0,13961.0,7983.0,12025.0,249.0,46.0
4,2024-04-01,4599.0,2058.0,234,4537,5391,7904,5023,1317,190,8656.0,24412.0,10663.0,11854.0,7100.0,12419.0,251.0,47.0
4,2024-05-01,4743.0,1959.0,271,4073,5296,7978,5042,1464,165,7631.0,24182.0,10789.0,12525.0,7438.0,13401.0,337.0,87.0
4,2024-06-01,6803.0,2778.0,181,8221,7883,9738,6257,1707,244,11135.0,38900.0,17683.0,18931.0,13474.0,23418.0,1328.0,392.0
4,2024-07-01,6608.0,2524.0,138,8202,8010,10585,6340,1710,285,11057.0,28214.0,10360.0,11599.0,6683.0,9650.0,146.0,33.0
4,2024-08-01,4969.0,2427.0,107,3339,5322,8664,5452,1470,92,8724.0,23636.0,9694.0,9803.0,5698.0,9039.0,203.0,71.0
4,2024-09-01,3974.0,1869.0,31,2758,4924,8091,5684,1866,73,5845.0,16255.0,6848.0,6749.0,4516.0,6550.0,70.0,4.0
4,2024-10-01,4004.0,1644.0,29,3247,5592,7732,4781,1488,114,5803.0,15208.0,7158.0,7058.0,5060.0,6771.0,87.0,13.0
4,2024-11-01,4603.0,2627.0,165,3407,5333,8680,5469,1598,214,4697.0,12829.0,5923.0,5810.0,3503.0,5602.0,98.0,20.0
4,2024-12-01,4103.0,2035.0,208,3470,5018,8325,5253,1640,433,4870.0,12589.0,5590.0,5280.0,3381.0,4863.0,36.0,12.0
4,2025-01-01,4168.0,2018.0,113,3277,4978,8063,5268,1604,270,5925.0,13105.0,5760.0,5547.0,3455.0,4646.0,171.0,45.0
4,2025-02-01,4607.0,2291.0,226,4538,5187,8820,5634,1610,226,5170.0,12668.0,5887.0,5499.0,3314.0,6277.0,125.0,25.0
4,2025-03-01,4618.0,2400.0,302,4678,5002,8507,5692,1726,217,5847.0,15201.0,6426.0,6434.0,4260.0,6207.0,271.0,14.0
4,2025-04-01,4362.0,2244.0,402,3758,4570,7665,5198,1676,209,4714.0,14714.0,6073.0,6250.0,3658.0,10447.0,244.0,110.0
4,2025-05-01,4130.0,2298.0,198,4014,4692,7379,5296,1686,178,6130.0,19864.0,10040.0,9869.0,5077.0,13902.0,556.0,142.0
4,2025-06-01,5277.0,2741.0,110,6340,6162,9310,6768,1874,156,5674.0,13209.0,5687.0,5363.0,3419.0,5842.0,686.0,81.0
4,2025-07-01,4017.0,2228.0,23,3263,4720,7674,5282,1436,93,4313.0,11026.0,4962.0,5121.0,3182.0,4769.0,480.0,50.0
4,2025-08-01,3446.0,1784.0,21,2551,3933,6487,4276,1254,67,3737.0,10012.0,4322.0,4541.0,2975.0,5129.0,771.0,87.0
4,2025-09-01,2433.0,1166.0,17,1720,3051,5081,3367,925,61,2844.0,6813.0,3293.0,3130.0,2206.0,3685.0,691.0,7.0
4,2025-10-01,3406.0,1872.0,51,2435,4047,7093,5035,1384,142,5468.0,10864.0,4143.0,4174.0,2668.0,3902.0,157.0,1.0
4,2025-11-01,4184.0,2366.0,158,3381,4541,8518,6420,1833,270,4285.0,16180.0,7230.0,5825.0,3279.0,15434.0,531.0,142.0
4,2025-12-01,4033.0,2401.0,269,3656,4840,8654,6733,2086,235,6321.0,15017.0,5588.0,5950.0,3962.0,13788.0,527.0,38.0
4,2026-01-01,4394.0,1871.0,238,4752,5054,8180,5879,1870,316,3735.0,10709.0,4606.0,4569.0,2862.0,4631.0,60.0,0.0
4,2026-02-01,4512.0,2484.0,364,4632,5069,8431,6220,1951,304,4039.0,10975.0,5112.0,4959.0,2972.0,4928.0,144.0,58.0
4,2026-03-01,4116.0,2500.0,214,5099,4595,7721,5697,1690,229,3995.0,11504.0,4718.0,5112.0,2866.0,4668.0,156.0,19.0
4,2026-04-01,3812.0,2226.0,361,4062,4218,7398,5691,818,145,3216.0,9604.0,4071.0,4313.0,2365.0,3666.0,28.0,6.0
4,2026-05-01,4051.0,2519.0,70,3497,4645,7815,5532,1598,135,3207.0,9332.0,3925.0,3886.0,1900.0,3223.0,52.0,21.0
4,2026-06-01,3710.0,2310.0,37,3038,4188,7590,5335,1537,150,3033.0,9146.0,3801.0,3988.0,2440.0,3842.0,38.0,9.0
4,2026-07-01,3412.0,2055.0,36,2672,4062,6636,4435,1209,102,2825.0,7710.0,3603.0,3698.0,2072.0,3660.0,59.0,13.0
4,2026-08-01,2712.0,1533.0,32,1958,3225,5743,4078,1043,81,2301.0,6398.0,2958.0,2728.0,1575.0,2820.0,38.0,10.0
5,2014-01-01,5855.0,3852.0,90,8028,7420,10483,6481,2445,117,4958.0,8778.0,4309.0,4565.0,2291.0,16223.0,91.0,0.0
5,2014-02-01,7835.0,5050.0,373,13312,9098,12363,7486,2588,91,4753.0,9041.0,6924.0,7249.0,4951.0,6894.0,222.0,33.0
5,2014-03-01,8556.0,5989.0,613,16737,9041,12168,7131,2240,68,5698.0,11291.0,5354.0,5490.0,2907.0,5095.0,223.0,46.0
5,2014-04-01,8581.0,5866.0,1034,16092,9513,12469,7534,2495,96,5485.0,10913.0,5338.0,5277.0,3078.0,4818.0,246.0,182.0
5,2014-05-01,8109.0,5151.0,295,13378,9686,12735,7467,2254,127,4477.0,8035.0,4152.0,4405.0,2313.0,3940.0,85.0,1.0
5,2014-06-01,9369.0,6729.0,157,14692,10976,14917,8855,2789,51,6876.0,11935.0,6006.0,6348.0,3375.0,6092.0,306.0,9.0
5,2014-07-01,7801.0,7224.0,82,10823,8911,12228,7430,2368,48,6308.0,11250.0,5428.0,5854.0,3318.0,5720.0,71.0,2.0
5,2014-08-01,6906.0,7588.0,179,9351,7950,10525,6446,1967,46,6856.0,12997.0,6100.0,6639.0,3561.0,4945.0,50.0,2.0
5,2014-09-01,6701.0,8859.0,108,9697,8017,11301,6864,2202,37,8681.0,17472.0,7794.0,7750.0,3971.0,5925.0,105.0,53.0
5,2014-10-01,6303.0,4482.0,101,7855,7126,10152,6879,2362,42,5389.0,9131.0,4222.0,4310.0,1918.0,3651.0,98.0,16.0
5,2014-11-01,7061.0,6642.0,104,10179,7825,10564,6627,2121,24,6397.0,12088.0,5746.0,6251.0,2987.0,5346.0,88.0,31.0
5,2014-12-01,6302.0,6622.0,210,9468,6434,8751,5745,1848,44,5724.0,10379.0,5037.0,5562.0,2556.0,4147.0,95.0,7.0
5,2015-01-01,6891.0,6193.0,131,8603,8611,11131,7290,2639,49,5239.0,10927.0,5103.0,5255.0,2767.0,4588.0,179.0,24.0
5,2015-02-01,8339.0,7549.0,473,11561,10086,13350,8293,2826,52,7435.0,13250.0,6296.0,6477.0,3165.0,5737.0,154.0,16.0
5,2015-03-01,8690.0,7250.0,768,13545,9313,11973,7306,2459,30,6352.0,11878.0,5701.0,5907.0,2918.0,5155.0,189.0,3.0
5,2015-04-01,8023.0,6313.0,622,12866,9882,11767,7275,2379,36,5753.0,10832.0,5334.0,5229.0,2654.0,4236.0,101.0,9.0
5,2015-05-01,9522.0,7060.0,318,15757,11031,13663,8591,2684,45,5571.0,11306.0,5750.0,5943.0,2962.0,4899.0,159.0,3.0
5,2015-06-01,9418.0,8410.0,159,15497,11518,14122,8727,2779,36,8503.0,15646.0,7467.0,8064.0,4085.0,7362.0,182.0,5.0
5,2015-07-01,7973.0,8128.0,160,12710,10307,13782,8486,2643,52,8686.0,16470.0,7217.0,7415.0,3547.0,6237.0,205.0,16.0
5,2015-08-01,6926.0,6876.0,82,11134,8849,11328,7110,2345,44,6702.0,11315.0,5595.0,5446.0,2602.0,4841.0,121.0,4.0
5,2015-09-01,6837.0,6213.0,69,10511,8273,11507,7353,2434,21,6560.0,12545.0,5929.0,5807.0,2768.0,4634.0,105.0,6.0
5,2015-10-01,6373.0,5058.0,89,8449,7800,10507,6977,2421,26,6952.0,13231.0,6163.0,6541.0,3504.0,6778.0,212.0,12.0
5,2015-11-01,7759.0,6614.0,137,11655,9146,11822,7767,2490,13,6952.0,13231.0,6163.0,6541.0,3504.0,6778.0,212.0,12.0
5,2015-12-01,6469.0,6059.0,191,9888,7345,9156,6027,1911,22,7123.0,13493.0,6059.0,5889.0,2848.0,4689.0,81.0,0.0
5,2016-01-01,7300.0,6083.0,105,10080,9926,11986,7583,2854,47,6639.0,13139.0,6204.0,6038.0,2882.0,4908.0,160.0,14.0
5,2016-02-01,7818.0,5747.0,191,10449,10345,12760,7962,2982,37,7354.0,14115.0,6365.0,6332.0,3141.0,5547.0,157.0,8.0
5,2016-03-01,8278.0,5974.0,580,12958,10610,12996,8203,2811,38,6464.0,14028.0,6231.0,6210.0,3235.0,5210.0,201.0,9.0
5,2016-04-01,7662.0,5431.0,749,13427,10480,12072,7512,2664,34,6135.0,13189.0,6188.0,6170.0,3411.0,5788.0,197.0,39.0
5,2016-05-01,8894.0,6216.0,287,14221,11347,13668,9022,2938,26,6288.0,12726.0,5822.0,5742.0,2950.0,5181.0,86.0,11.0
5,2016-06-01,2670.0,6606.0,130,8294,3200,2374,1120,325,48,6147.0,11639.0,5166.0,5074.0,2737.0,5683.0,338.0,4.0
5,2016-07-01,2060.0,4550.0,199,5070,1912,1492,631,214,26,5551.0,11082.0,4725.0,4597.0,2496.0,4610.0,43.0,0.0
5,2016-08-01,2041.0,4943.0,326,5550,2070,1562,788,292,30,5631.0,10458.0,4938.0,5078.0,2589.0,4138.0,127.0,17.0
5,2016-09-01,1763.0,4924.0,296,5414,1921,1662,818,233,19,5448.0,10617.0,4353.0,4201.0,1938.0,3396.0,136.0,1.0
5,2016-10-01,1684.0,3355.0,105,2889,1556,1463,726,249,19,3774.0,7320.0,3386.0,3151.0,1601.0,3042.0,302.0,72.0
5,2016-11-01,2320.0,3725.0,80,4921,2464,2151,1187,368,22,5582.0,10815.0,4839.0,4887.0,2316.0,4091.0,191.0,7.0
5,2016-12-01,2079.0,3800.0,114,4356,2218,2089,1014,316,19,4944.0,9407.0,4336.0,4027.0,1987.0,3552.0,47.0,4.0
5,2017-01-01,2663.0,4467.0,122,4455,2992,2456,1204,461,41,5163.0,9841.0,4458.0,4624.0,2379.0,4110.0,69.0,1.0
5,2017-02-01,3506.0,4360.0,251,6207,3801,3060,1661,522,38,5515.0,10728.0,5552.0,5048.0,2463.0,4329.0,249.0,5.0
5,2017-03-01,3210.0,5094.0,520,7976,3485,2694,1418,549,66,6321.0,12715.0,5652.0,5206.0,2728.0,4639.0,212.0,18.0
5,2017-04-01,3326.0,4052.0,639,7921,3107,2479,1231,435,114,5177.0,10933.0,4522.0,5544.0,3316.0,4621.0,66.0,12.0
5,2017-05-01,3127.0,5085.0,278,7785,3167,2398,1265,455,73,6193.0,13139.0,5545.0,5473.0,2802.0,4136.0,57.0,3.0
5,2017-06-01,3097.0,8139.0,153,7974,3170,2303,1233,458,166,6885.0,14245.0,7006.0,6661.0,3890.0,5220.0,83.0,1.0
5,2017-07-01,2568.0,7435.0,198,7915,3387,2405,1315,372,161,6654.0,12158.0,5600.0,5568.0,3186.0,4731.0,83.0,5.0
5,2017-08-01,2144.0,6549.0,29,3530,1967,1849,997,343,472,5997.0,10474.0,4345.0,4291.0,2275.0,3824.0,54.0,17.0
5,2017-09-01,1258.0,6453.0,120,2827,1536,1417,739,239,410,6797.0,9679.0,4304.0,4100.0,1955.0,3380.0,121.0,20.0
5,2017-10-01,1661.0,3154.0,21,2783,1828,1637,979,376,47,4078.0,16291.0,3243.0,3265.0,1620.0,2751.0,62.0,27.0
5,2017-11-01,2074.0,3890.0,61,3512,2146,2123,1288,463,112,5234.0,8970.0,3926.0,4062.0,1968.0,3131.0,72.0,9.0
5,2017-12-01,2160.0,4138.0,93,3842,2150,1934,880,302,279,5149.0,8013.0,3755.0,3544.0,1929.0,2919.0,74.0,6.0
5,2018-01-01,2976.0,5241.0,46,5107,4227,3045,1580,557,256,7091.0,13208.0,6560.0,6878.0,3614.0,6318.0,173.0,7.0
5,2018-02-01,2909.0,5724.0,197,4993,2404,2103,973,388,218,5403.0,10273.0,4731.0,4491.0,2453.0,3704.0,133.0,5.0
5,2018-03-01,3540.0,5704.0,1215,6691,2321,2055,1011,396,172,4972.0,9861.0,4458.0,4375.0,2250.0,3607.0,89.0,14.0
5,2018-04-01,3728.0,5947.0,1493,8507,2147,1809,901,362,229,4692.0,10418.0,4831.0,4425.0,2456.0,3150.0,124.0,0.0
5,2018-05-01,2616.0,4916.0,528,7092,3000,2234,1098,396,204,5959.0,11118.0,4924.0,4871.0,2817.0,3566.0,169.0,4.0
5,2018-06-01,2046.0,3831.0,256,4799,2356,2076,1074,398,188,5094.0,9050.0,4195.0,4034.0,2068.0,2988.0,60.0,7.0
5,2018-07-01,1758.0,3661.0,53,3103,2064,1739,921,284,176,4604.0,7187.0,3343.0,3274.0,1677.0,3236.0,81.0,0.0
5,2018-08-01,1905.0,4511.0,126,3618,2046,1907,1072,326,191,5284.0,8372.0,3941.0,3648.0,1566.0,3147.0,68.0,1.0
5,2018-09-01,1569.0,3388.0,26,3804,2140,1947,1288,432,111,5093.0,9069.0,4198.0,4160.0,2335.0,4118.0,54.0,6.0
5,2018-10-01,1613.0,3670.0,13,2915,1799,1556,962,304,142,4056.0,6597.0,2929.0,2862.0,1460.0,2456.0,67.0,2.0
5,2018-11-01,2033.0,3983.0,41,3468,1934,1707,1049,349,178,4614.0,8290.0,3596.0,3582.0,1968.0,2697.0,90.0,3.0
5,2018-12-01,2045.0,4296.0,95,3493,1988,1812,1087,405,208,4633.0,8115.0,3741.0,3561.0,1909.0,2762.0,184.0,9.0
5,2019-01-01,2894.0,4887.0,264,4284,2654,2075,1287,564,238,5149.0,9711.0,4055.0,4034.0,2033.0,3019.0,101.0,11.0
5,2019-02-01,2992.0,4961.0,502,7257,2768,2135,1263,476,260,5618.0,11384.0,5398.0,5266.0,3179.0,4490.0,184.0,6.0
5,2019-03-01,3788.0,6423.0,989,8750,2603,2261,1294,448,213,6958.0,14177.0,6947.0,6572.0,3945.0,4758.0,211.0,0.0
5,2019-04-01,4038.0,6697.0,1555,11162,2607,1931,1084,420,383,5321.0,12787.0,5924.0,5444.0,3334.0,3660.0,113.0,9.0
5,2019-05-01,3016.0,6677.0,1170,8743,2619,1930,1072,418,136,5478.0,11836.0,5575.0,5178.0,3003.0,3672.0,63.0,12.0
5,2019-06-01,1930.0,4593.0,179,5415,2534,1835,1050,401,158,5657.0,9990.0,4647.0,4206.0,2090.0,3252.0,181.0,24.0
5,2019-07-01,1880.0,4890.0,24,4013,2185,1817,1074,375,84,4702.0,8064.0,3625.0,3224.0,1636.0,2952.0,106.0,2.0
5,2019-08-01,1580.0,5409.0,371,3634,1584,1491,1025,486,88,4954.0,10293.0,4581.0,4207.0,2435.0,3638.0,261.0,141.0
5,2019-09-01,1223.0,3818.0,51,1957,1258,1260,734,282,39,3614.0,6251.0,2420.0,2279.0,1116.0,1871.0,45.0,18.0
5,2019-10-01,1537.0,3455.0,15,2206,1508,1443,950,407,54,3370.0,6386.0,2583.0,2451.0,1242.0,2249.0,60.0,10.0
5,2019-11-01,1458.0,3699.0,54,2768,1770,1769,990,360,67,3991.0,7185.0,3114.0,2960.0,1552.0,2361.0,56.0,5.0
5,2019-12-01,1985.0,3952.0,122,2998,1730,1633,959,312,73,3674.0,7705.0,3070.0,2976.0,1635.0,2843.0,72.0,4.0
5,2020-01-01,4087.0,3765.0,56,3436,4134,7958,4288,1247,119,3827.0,7205.0,3132.0,3028.0,1614.0,2244.0,41.0,3.0
5,2020-02-01,4916.0,4201.0,104,4754,4877,8825,5092,1496,147,4010.0,7654.0,3407.0,3281.0,1742.0,2820.0,46.0,6.0
5,2020-03-01,5428.0,4338.0,280,7993,4009,7341,4617,1309,185,3746.0,6308.0,2804.0,2652.0,1374.0,1860.0,25.0,6.0
5,2020-04-01,2166.0,1056.0,677,8714,4651,6227,3143,840,210,2895.0,14218.0,6736.0,6838.0,5325.0,6197.0,42.0,9.0
5,2020-05-01,2539.0,1895.0,566,9529,5307,7493,3597,1118,267,4090.0,9091.0,4543.0,4045.0,2449.0,4141.0,97.0,33.0
5,2020-06-01,3495.0,2867.0,1012,12640,6685,8943,5216,1580,344,5658.0,12876.0,5715.0,5376.0,3055.0,4601.0,229.0,48.0
5,2020-07-01,3363.0,3374.0,324,10204,6707,9325,4690,1417,320,5964.0,13586.0,6125.0,5667.0,3246.0,5173.0,321.0,101.0
5,2020-08-01,3864.0,3615.0,366,11078,7404,10147,5253,1621,256,6451.0,13460.0,5470.0,5391.0,2662.0,4227.0,133.0,32.0
5,2020-09-01,2562.0,3151.0,172,7420,5292,7402,3544,981,126,94365.0,155311.0,59241.0,55779.0,30803.0,61513.0,3807.0,823.0
5,2020-10-01,2178.0,1930.0,119,5253,4346,6426,3432,1083,70,3305.0,5423.0,2123.0,2311.0,1006.0,2206.0,47.0,3.0
5,2020-11-01,4596.0,5020.0,88,11708,9750,12766,6656,2332,154,5439.0,9996.0,4572.0,4791.0,3037.0,4932.0,130.0,61.0
5,2020-12-01,3712.0,3598.0,405,10983,7869,9646,5534,1526,259,5083.0,10553.0,4724.0,4445.0,2891.0,4997.0,165.0,36.0
5,2021-01-01,3084.0,2568.0,220,7603,5588,8276,5273,1646,281,4840.0,8894.0,4030.0,4299.0,2601.0,4253.0,236.0,22.0
5,2021-02-01,2855.0,2217.0,194,7630,5850,9184,5647,1592,324,5855.0,12109.0,5574.0,5360.0,3305.0,5993.0,808.0,159.0
5,2021-03-01,2977.0,1846.0,576,9665,6300,8925,4647,1435,303,11184.0,25386.0,11430.0,11642.0,5966.0,14070.0,384.0,77.0
5,2021-04-01,2930.0,1995.0,559,8795,4936,7278,4354,1273,209,5236.0,10648.0,4245.0,4125.0,2241.0,6285.0,523.0,172.0
5,2021-05-01,3414.0,2274.0,299,11634,6413,9039,5221,1591,232,5478.0,11459.0,5279.0,5177.0,2983.0,13141.0,615.0,343.0
5,2021-06-01,3353.0,2290.0,279,11461,6652,10804,6237,1800,222,6365.0,12342.0,5749.0,5624.0,3077.0,6293.0,592.0,418.0
5,2021-07-01,2678.0,1691.0,89,8457,6158,9068,5002,1303,194,5657.0,11968.0,5290.0,5774.0,3354.0,7800.0,402.0,87.0
5,2021-08-01,3589.0,2215.0,290,14463,9379,11432,5681,1431,212,8253.0,19323.0,8538.0,8751.0,5262.0,9576.0,341.0,72.0
5,2021-09-01,2351.0,1648.0,105,8905,6468,9032,5089,1439,175,14340.0,48968.0,14712.0,13492.0,8140.0,12713.0,529.0,130.0
5,2021-10-01,1950.0,910.0,34,4711,4900,6536,3154,823,58,4226.0,9062.0,2919.0,2691.0,1364.0,2491.0,68.0,36.0
5,2021-11-01,1732.0,1076.0,24,4015,3734,6064,3057,879,93,6452.0,10542.0,4479.0,4491.0,2589.0,3328.0,133.0,24.0
5,2021-12-01,2219.0,1588.0,44,3985,4158,6364,3463,1056,130,5002.0,9752.0,3928.0,3459.0,2083.0,2961.0,156.0,20.0
5,2022-01-01,2508.0,1981.0,122,4353,4317,6487,4128,1321,225,5469.0,11337.0,4928.0,4661.0,2980.0,4280.0,105.0,45.0
5,2022-02-01,3060.0,2239.0,219,6669,6763,9103,5218,1604,281,7565.0,13803.0,6146.0,6188.0,3541.0,5822.0,530.0,47.0
5,2022-03-01,3922.0,3280.0,385,7081,7676,11025,6538,2175,234,8606.0,19659.0,9200.0,8810.0,4186.0,5581.0,378.0,117.0
5,2022-04-01,3145.0,2574.0,413,6753,6366,9271,5189,1576,193,5267.0,11182.0,4780.0,4448.0,2740.0,3907.0,473.0,216.0
5,2022-05-01,3613.0,3338.0,243,6247,7271,11223,7284,2680,242,7464.0,14916.0,6244.0,6278.0,3835.0,5593.0,411.0,236.0
5,2022-06-01,3472.0,3239.0,79,5798,7289,10911,7039,2243,302,5884.0,14391.0,5846.0,5848.0,3553.0,5181.0,281.0,109.0
5,2022-07-01,2779.0,2781.0,79,5181,6227,8520,5051,1439,113,5850.0,11784.0,5300.0,4986.0,2913.0,4144.0,312.0,189.0
5,2022-08-01,2930.0,2999.0,72,5365,6184,8632,5577,1736,158,6133.0,12818.0,5083.0,5158.0,2983.0,4786.0,168.0,106.0
5,2022-09-01,2721.0,2792.0,17,4186,6062,8654,4941,1184,48,4814.0,13598.0,5994.0,5374.0,3492.0,5815.0,478.0,143.0
5,2022-10-01,1835.0,1395.0,18,3007,4620,6593,3469,859,68,4151.0,8606.0,4057.0,3709.0,1907.0,2764.0,104.0,36.0
5,2022-11-01,2513.0,1928.0,114,3871,5489,7732,4448,1261,171,6196.0,12580.0,5567.0,5724.0,3600.0,4810.0,294.0,58.0
5,2022-12-01,2568.0,2166.0,218,3915,5281,7837,4464,1408,237,21309.0,55202.0,21607.0,21838.0,12911.0,19822.0,598.0,110.0
5,2023-01-01,2680.0,2173.0,82,4511,5671,7720,4770,1376,241,13029.0,30129.0,13964.0,13481.0,7467.0,13802.0,521.0,200.0
5,2023-02-01,3579.0,2654.0,300,6168,6091,8505,5381,1535,212,18620.0,40627.0,17329.0,17801.0,10388.0,15750.0,851.0,152.0
5,2023-03-01,3058.0,2321.0,240,5285,5691,8198,4847,1373,160,11566.0,29957.0,12905.0,12410.0,7301.0,11261.0,400.0,135.0
5,2023-04-01,2563.0,1835.0,399,5240,5627,7515,4609,1260,195,4678.0,10794.0,5297.0,4835.0,2664.0,4322.0,305.0,10.0
5,2023-05-01,2575.0,2000.0,288,5049,5607,7533,4673,1222,130,8497.0,29381.0,11154.0,12163.0,7654.0,19065.0,1315.0,193.0
5,2023-06-01,2810.0,1905.0,74,9177,8326,9518,4979,1327,130,10918.0,23418.0,10885.0,11241.0,7002.0,11062.0,840.0,100.0
5,2023-07-01,2867.0,2109.0,78,4721,5797,8273,4935,1352,90,3546.0,9340.0,4368.0,4364.0,3054.0,4443.0,165.0,37.0
5,2023-08-01,2273.0,1698.0,25,3835,5185,7552,4330,1112,59,2414.0,5857.0,2662.0,2693.0,1597.0,3866.0,187.0,38.0
5,2023-09-01,1863.0,1281.0,8,2752,4297,6223,3619,970,52,2226.0,5427.0,2214.0,2140.0,1220.0,2074.0,63.0,16.0
5,2023-10-01,1688.0,1434.0,57,2654,3775,5491,3573,1048,63,5326.0,12726.0,5597.0,5444.0,3224.0,5293.0,171.0,32.0
5,2023-11-01,2243.0,1823.0,61,2907,4248,6526,3959,1288,168,10266.0,23230.0,10557.0,10730.0,6660.0,12236.0,469.0,184.0
5,2023-12-01,2079.0,1562.0,110,2911,4201,6851,4200,1152,202,0.0,0.0,0.0,0.0,0.0,0.0,0.0,0.0
5,2024-01-01,2184.0,1934.0,79,3403,4394,7278,4327,1354,243,9897.0,26983.0,11143.0,10504.0,6979.0,10743.0,303.0,59.0
5,2024-02-01,2521.0,1785.0,243,4117,5379,8738,5241,1420,156,10631.0,28482.0,13670.0,14177.0,7780.0,12422.0,201.0,60.0
5,2024-03-01,2569.0,2041.0,248,4307,5220,7990,5173,1482,128,9753.0,26569.0,11092.0,13961.0,7983.0,12025.0,249.0,46.0
5,2024-04-01,2801.0,2263.0,234,4537,5391,7904,5023,1317,190,8656.0,24412.0,10663.0,11854.0,7100.0,12419.0,251.0,47.0
5,2024-05-01,2576.0,2023.0,271,4073,5296,7978,5042,1464,165,7631.0,24182.0,10789.0,12525.0,7438.0,13401.0,337.0,87.0
5,2024-06-01,3270.0,2310.0,181,8221,7883,9738,6257,1707,244,11135.0,38900.0,17683.0,18931.0,13474.0,23418.0,1328.0,392.0
5,2024-07-01,3151.0,2224.0,138,8202,8010,10585,6340,1710,285,11057.0,28214.0,10360.0,11599.0,6683.0,9650.0,146.0,33.0
5,2024-08-01,2307.0,1758.0,107,3339,5322,8664,5452,1470,92,8724.0,23636.0,9694.0,9803.0,5698.0,9039.0,203.0,71.0
5,2024-09-01,2467.0,1560.0,31,2758,4924,8091,5684,1866,73,5845.0,16255.0,6848.0,6749.0,4516.0,6550.0,70.0,4.0
5,2024-10-01,2042.0,1673.0,29,3247,5592,7732,4781,1488,114,5803.0,15208.0,7158.0,7058.0,5060.0,6771.0,87.0,13.0
5,2024-11-01,2512.0,2099.0,165,3407,5333,8680,5469,1598,214,4697.0,12829.0,5923.0,5810.0,3503.0,5602.0,98.0,20.0
5,2024-12-01,2620.0,2248.0,208,3470,5018,8325,5253,1640,433,4870.0,12589.0,5590.0,5280.0,3381.0,4863.0,36.0,12.0
5,2025-01-01,2250.0,1902.0,113,3277,4978,8063,5268,1604,270,5925.0,13105.0,5760.0,5547.0,3455.0,4646.0,171.0,45.0
5,2025-02-01,2549.0,2056.0,226,4538,5187,8820,5634,1610,226,5170.0,12668.0,5887.0,5499.0,3314.0,6277.0,125.0,25.0
5,2025-03-01,2852.0,2244.0,302,4678,5002,8507,5692,1726,217,5847.0,15201.0,6426.0,6434.0,4260.0,6207.0,271.0,14.0
5,2025-04-01,2512.0,2180.0,402,3758,4570,7665,5198,1676,209,4714.0,14714.0,6073.0,6250.0,3658.0,10447.0,244.0,110.0
5,2025-05-01,2442.0,1991.0,198,4014,4692,7379,5296,1686,178,6130.0,19864.0,10040.0,9869.0,5077.0,13902.0,556.0,142.0
5,2025-06-01,2966.0,2368.0,110,6340,6162,9310,6768,1874,156,5674.0,13209.0,5687.0,5363.0,3419.0,5842.0,686.0,81.0
5,2025-07-01,2438.0,1958.0,23,3263,4720,7674,5282,1436,93,4313.0,11026.0,4962.0,5121.0,3182.0,4769.0,480.0,50.0
5,2025-08-01,1641.0,1248.0,21,2551,3933,6487,4276,1254,67,3737.0,10012.0,4322.0,4541.0,2975.0,5129.0,771.0,87.0
5,2025-09-01,1652.0,1320.0,17,1720,3051,5081,3367,925,61,2844.0,6813.0,3293.0,3130.0,2206.0,3685.0,691.0,7.0
5,2025-10-01,2130.0,1530.0,51,2435,4047,7093,5035,1384,142,5468.0,10864.0,4143.0,4174.0,2668.0,3902.0,157.0,1.0
5,2025-11-01,2426.0,1995.0,158,3381,4541,8518,6420,1833,270,4285.0,16180.0,7230.0,5825.0,3279.0,15434.0,531.0,142.0
5,2025-12-01,2961.0,2321.0,269,3656,4840,8654,6733,2086,235,6321.0,15017.0,5588.0,5950.0,3962.0,13788.0,527.0,38.0
5,2026-01-01,3143.0,2612.0,238,4752,5054,8180,5879,1870,316,3735.0,10709.0,4606.0,4569.0,2862.0,4631.0,60.0,0.0
5,2026-02-01,3131.0,2434.0,364,4632,5069,8431,6220,1951,304,4039.0,10975.0,5112.0,4959.0,2972.0,4928.0,144.0,58.0
5,2026-03-01,2785.0,2282.0,214,5099,4595,7721,5697,1690,229,3995.0,11504.0,4718.0,5112.0,2866.0,4668.0,156.0,19.0
5,2026-04-01,2982.0,2399.0,361,4062,4218,7398,5691,818,145,3216.0,9604.0,4071.0,4313.0,2365.0,3666.0,28.0,6.0
5,2026-05-01,2702.0,2154.0,70,3497,4645,7815,5532,1598,135,3207.0,9332.0,3925.0,3886.0,1900.0,3223.0,52.0,21.0
5,2026-06-01,2456.0,1890.0,37,3038,4188,7590,5335,1537,150,3033.0,9146.0,3801.0,3988.0,2440.0,3842.0,38.0,9.0
5,2026-07-01,2029.0,1587.0,36,2672,4062,6636,4435,1209,102,2825.0,7710.0,3603.0,3698.0,2072.0,3660.0,59.0,13.0
5,2026-08-01,1840.0,1384.0,32,1958,3225,5743,4078,1043,81,2301.0,6398.0,2958.0,2728.0,1575.0,2820.0,38.0,10.0
6,2014-01-01,224.0,152.0,90,8028,7420,10483,6481,2445,117,4958.0,8778.0,4309.0,4565.0,2291.0,16223.0,91.0,0.0
6,2014-02-01,259.0,55.0,373,13312,9098,12363,7486,2588,91,4753.0,9041.0,6924.0,7249.0,4951.0,6894.0,222.0,33.0
6,2014-03-01,159.0,53.0,613,16737,9041,12168,7131,2240,68,5698.0,11291.0,5354.0,5490.0,2907.0,5095.0,223.0,46.0
6,2014-04-01,200.0,50.0,1034,16092,9513,12469,7534,2495,96,5485.0,10913.0,5338.0,5277.0,3078.0,4818.0,246.0,182.0
6,2014-05-01,178.0,63.0,295,13378,9686,12735,7467,2254,127,4477.0,8035.0,4152.0,4405.0,2313.0,3940.0,85.0,1.0
6,2014-06-01,292.0,94.0,157,14692,10976,14917,8855,2789,51,6876.0,11935.0,6006.0,6348.0,3375.0,6092.0,306.0,9.0
6,2014-07-01,191.0,89.0,82,10823,8911,12228,7430,2368,48,6308.0,11250.0,5428.0,5854.0,3318.0,5720.0,71.0,2.0
6,2014-08-01,131.0,192.0,179,9351,7950,10525,6446,1967,46,6856.0,12997.0,6100.0,6639.0,3561.0,4945.0,50.0,2.0
6,2014-09-01,125.0,77.0,108,9697,8017,11301,6864,2202,37,8681.0,17472.0,7794.0,7750.0,3971.0,5925.0,105.0,53.0
6,2014-10-01,133.0,25.0,101,7855,7126,10152,6879,2362,42,5389.0,9131.0,4222.0,4310.0,1918.0,3651.0,98.0,16.0
6,2014-11-01,152.0,66.0,104,10179,7825,10564,6627,2121,24,6397.0,12088.0,5746.0,6251.0,2987.0,5346.0,88.0,31.0
6,2014-12-01,164.0,190.0,210,9468,6434,8751,5745,1848,44,5724.0,10379.0,5037.0,5562.0,2556.0,4147.0,95.0,7.0
6,2015-01-01,117.0,95.0,131,8603,8611,11131,7290,2639,49,5239.0,10927.0,5103.0,5255.0,2767.0,4588.0,179.0,24.0
6,2015-02-01,155.0,204.0,473,11561,10086,13350,8293,2826,52,7435.0,13250.0,6296.0,6477.0,3165.0,5737.0,154.0,16.0
6,2015-03-01,117.0,52.0,768,13545,9313,11973,7306,2459,30,6352.0,11878.0,5701.0,5907.0,2918.0,5155.0,189.0,3.0
6,2015-04-01,145.0,106.0,622,12866,9882,11767,7275,2379,36,5753.0,10832.0,5334.0,5229.0,2654.0,4236.0,101.0,9.0
6,2015-05-01,179.0,77.0,318,15757,11031,13663,8591,2684,45,5571.0,11306.0,5750.0,5943.0,2962.0,4899.0,159.0,3.0
6,2015-06-01,176.0,86.0,159,15497,11518,14122,8727,2779,36,8503.0,15646.0,7467.0,8064.0,4085.0,7362.0,182.0,5.0
6,2015-07-01,176.0,135.0,160,12710,10307,13782,8486,2643,52,8686.0,16470.0,7217.0,7415.0,3547.0,6237.0,205.0,16.0
6,2015-08-01,159.0,36.0,82,11134,8849,11328,7110,2345,44,6702.0,11315.0,5595.0,5446.0,2602.0,4841.0,121.0,4.0
6,2015-09-01,119.0,64.0,69,10511,8273,11507,7353,2434,21,6560.0,12545.0,5929.0,5807.0,2768.0,4634.0,105.0,6.0
6,2015-10-01,130.0,65.0,89,8449,7800,10507,6977,2421,26,6952.0,13231.0,6163.0,6541.0,3504.0,6778.0,212.0,12.0
6,2015-11-01,208.0,184.0,137,11655,9146,11822,7767,2490,13,6952.0,13231.0,6163.0,6541.0,3504.0,6778.0,212.0,12.0
6,2015-12-01,179.0,64.0,191,9888,7345,9156,6027,1911,22,7123.0,13493.0,6059.0,5889.0,2848.0,4689.0,81.0,0.0
6,2016-01-01,150.0,102.0,105,10080,9926,11986,7583,2854,47,6639.0,13139.0,6204.0,6038.0,2882.0,4908.0,160.0,14.0
6,2016-02-01,149.0,72.0,191,10449,10345,12760,7962,2982,37,7354.0,14115.0,6365.0,6332.0,3141.0,5547.0,157.0,8.0
6,2016-03-01,144.0,56.0,580,12958,10610,12996,8203,2811,38,6464.0,14028.0,6231.0,6210.0,3235.0,5210.0,201.0,9.0
6,2016-04-01,148.0,56.0,749,13427,10480,12072,7512,2664,34,6135.0,13189.0,6188.0,6170.0,3411.0,5788.0,197.0,39.0
6,2016-05-01,161.0,85.0,287,14221,11347,13668,9022,2938,26,6288.0,12726.0,5822.0,5742.0,2950.0,5181.0,86.0,11.0
6,2016-06-01,80.0,84.0,130,8294,3200,2374,1120,325,48,6147.0,11639.0,5166.0,5074.0,2737.0,5683.0,338.0,4.0
6,2016-07-01,63.0,65.0,199,5070,1912,1492,631,214,26,5551.0,11082.0,4725.0,4597.0,2496.0,4610.0,43.0,0.0
6,2016-08-01,62.0,34.0,326,5550,2070,1562,788,292,30,5631.0,10458.0,4938.0,5078.0,2589.0,4138.0,127.0,17.0
6,2016-09-01,24.0,80.0,296,5414,1921,1662,818,233,19,5448.0,10617.0,4353.0,4201.0,1938.0,3396.0,136.0,1.0
6,2016-10-01,16.0,19.0,105,2889,1556,1463,726,249,19,3774.0,7320.0,3386.0,3151.0,1601.0,3042.0,302.0,72.0
6,2016-11-01,63.0,61.0,80,4921,2464,2151,1187,368,22,5582.0,10815.0,4839.0,4887.0,2316.0,4091.0,191.0,7.0
6,2016-12-01,42.0,36.0,114,4356,2218,2089,1014,316,19,4944.0,9407.0,4336.0,4027.0,1987.0,3552.0,47.0,4.0
6,2017-01-01,66.0,47.0,122,4455,2992,2456,1204,461,41,5163.0,9841.0,4458.0,4624.0,2379.0,4110.0,69.0,1.0
6,2017-02-01,48.0,49.0,251,6207,3801,3060,1661,522,38,5515.0,10728.0,5552.0,5048.0,2463.0,4329.0,249.0,5.0
6,2017-03-01,56.0,50.0,520,7976,3485,2694,1418,549,66,6321.0,12715.0,5652.0,5206.0,2728.0,4639.0,212.0,18.0
6,2017-04-01,95.0,57.0,639,7921,3107,2479,1231,435,114,5177.0,10933.0,4522.0,5544.0,3316.0,4621.0,66.0,12.0
6,2017-05-01,33.0,55.0,278,7785,3167,2398,1265,455,73,6193.0,13139.0,5545.0,5473.0,2802.0,4136.0,57.0,3.0
6,2017-06-01,104.0,98.0,153,7974,3170,2303,1233,458,166,6885.0,14245.0,7006.0,6661.0,3890.0,5220.0,83.0,1.0
6,2017-07-01,89.0,126.0,198,7915,3387,2405,1315,372,161,6654.0,12158.0,5600.0,5568.0,3186.0,4731.0,83.0,5.0
6,2017-08-01,67.0,82.0,29,3530,1967,1849,997,343,472,5997.0,10474.0,4345.0,4291.0,2275.0,3824.0,54.0,17.0
6,2017-09-01,39.0,174.0,120,2827,1536,1417,739,239,410,6797.0,9679.0,4304.0,4100.0,1955.0,3380.0,121.0,20.0
6,2017-10-01,11.0,21.0,21,2783,1828,1637,979,376,47,4078.0,16291.0,3243.0,3265.0,1620.0,2751.0,62.0,27.0
6,2017-11-01,23.0,59.0,61,3512,2146,2123,1288,463,112,5234.0,8970.0,3926.0,4062.0,1968.0,3131.0,72.0,9.0
6,2017-12-01,34.0,96.0,93,3842,2150,1934,880,302,279,5149.0,8013.0,3755.0,3544.0,1929.0,2919.0,74.0,6.0
6,2018-01-01,55.0,50.0,46,5107,4227,3045,1580,557,256,7091.0,13208.0,6560.0,6878.0,3614.0,6318.0,173.0,7.0
6,2018-02-01,49.0,99.0,197,4993,2404,2103,973,388,218,5403.0,10273.0,4731.0,4491.0,2453.0,3704.0,133.0,5.0
6,2018-03-01,42.0,64.0,1215,6691,2321,2055,1011,396,172,4972.0,9861.0,4458.0,4375.0,2250.0,3607.0,89.0,14.0
6,2018-04-01,50.0,31.0,1493,8507,2147,1809,901,362,229,4692.0,10418.0,4831.0,4425.0,2456.0,3150.0,124.0,0.0
6,2018-05-01,34.0,81.0,528,7092,3000,2234,1098,396,204,5959.0,11118.0,4924.0,4871.0,2817.0,3566.0,169.0,4.0
6,2018-06-01,38.0,104.0,256,4799,2356,2076,1074,398,188,5094.0,9050.0,4195.0,4034.0,2068.0,2988.0,60.0,7.0
6,2018-07-01,25.0,42.0,53,3103,2064,1739,921,284,176,4604.0,7187.0,3343.0,3274.0,1677.0,3236.0,81.0,0.0
6,2018-08-01,24.0,48.0,126,3618,2046,1907,1072,326,191,5284.0,8372.0,3941.0,3648.0,1566.0,3147.0,68.0,1.0
6,2018-09-01,35.0,46.0,26,3804,2140,1947,1288,432,111,5093.0,9069.0,4198.0,4160.0,2335.0,4118.0,54.0,6.0
6,2018-10-01,59.0,45.0,13,2915,1799,1556,962,304,142,4056.0,6597.0,2929.0,2862.0,1460.0,2456.0,67.0,2.0
6,2018-11-01,24.0,52.0,41,3468,1934,1707,1049,349,178,4614.0,8290.0,3596.0,3582.0,1968.0,2697.0,90.0,3.0
6,2018-12-01,25.0,47.0,95,3493,1988,1812,1087,405,208,4633.0,8115.0,3741.0,3561.0,1909.0,2762.0,184.0,9.0
6,2019-01-01,26.0,24.0,264,4284,2654,2075,1287,564,238,5149.0,9711.0,4055.0,4034.0,2033.0,3019.0,101.0,11.0
6,2019-02-01,39.0,62.0,502,7257,2768,2135,1263,476,260,5618.0,11384.0,5398.0,5266.0,3179.0,4490.0,184.0,6.0
6,2019-03-01,16.0,25.0,989,8750,2603,2261,1294,448,213,6958.0,14177.0,6947.0,6572.0,3945.0,4758.0,211.0,0.0
6,2019-04-01,38.0,49.0,1555,11162,2607,1931,1084,420,383,5321.0,12787.0,5924.0,5444.0,3334.0,3660.0,113.0,9.0
6,2019-05-01,32.0,36.0,1170,8743,2619,1930,1072,418,136,5478.0,11836.0,5575.0,5178.0,3003.0,3672.0,63.0,12.0
6,2019-06-01,17.0,49.0,179,5415,2534,1835,1050,401,158,5657.0,9990.0,4647.0,4206.0,2090.0,3252.0,181.0,24.0
6,2019-07-01,18.0,34.0,24,4013,2185,1817,1074,375,84,4702.0,8064.0,3625.0,3224.0,1636.0,2952.0,106.0,2.0
6,2019-08-01,188.0,205.0,371,3634,1584,1491,1025,486,88,4954.0,10293.0,4581.0,4207.0,2435.0,3638.0,261.0,141.0
6,2019-09-01,15.0,23.0,51,1957,1258,1260,734,282,39,3614.0,6251.0,2420.0,2279.0,1116.0,1871.0,45.0,18.0
6,2019-10-01,12.0,27.0,15,2206,1508,1443,950,407,54,3370.0,6386.0,2583.0,2451.0,1242.0,2249.0,60.0,10.0
6,2019-11-01,16.0,103.0,54,2768,1770,1769,990,360,67,3991.0,7185.0,3114.0,2960.0,1552.0,2361.0,56.0,5.0
6,2019-12-01,8.0,20.0,122,2998,1730,1633,959,312,73,3674.0,7705.0,3070.0,2976.0,1635.0,2843.0,72.0,4.0
6,2020-01-01,55.0,22.0,56,3436,4134,7958,4288,1247,119,3827.0,7205.0,3132.0,3028.0,1614.0,2244.0,41.0,3.0
6,2020-02-01,82.0,49.0,104,4754,4877,8825,5092,1496,147,4010.0,7654.0,3407.0,3281.0,1742.0,2820.0,46.0,6.0
6,2020-03-01,35.0,29.0,280,7993,4009,7341,4617,1309,185,3746.0,6308.0,2804.0,2652.0,1374.0,1860.0,25.0,6.0
6,2020-04-01,17.0,13.0,677,8714,4651,6227,3143,840,210,2895.0,14218.0,6736.0,6838.0,5325.0,6197.0,42.0,9.0
6,2020-05-01,37.0,46.0,566,9529,5307,7493,3597,1118,267,4090.0,9091.0,4543.0,4045.0,2449.0,4141.0,97.0,33.0
6,2020-06-01,41.0,19.0,1012,12640,6685,8943,5216,1580,344,5658.0,12876.0,5715.0,5376.0,3055.0,4601.0,229.0,48.0
6,2020-07-01,20.0,7.0,324,10204,6707,9325,4690,1417,320,5964.0,13586.0,6125.0,5667.0,3246.0,5173.0,321.0,101.0
6,2020-08-01,59.0,41.0,366,11078,7404,10147,5253,1621,256,6451.0,13460.0,5470.0,5391.0,2662.0,4227.0,133.0,32.0
6,2020-09-01,45.0,43.0,172,7420,5292,7402,3544,981,126,94365.0,155311.0,59241.0,55779.0,30803.0,61513.0,3807.0,823.0
6,2020-10-01,24.0,18.0,119,5253,4346,6426,3432,1083,70,3305.0,5423.0,2123.0,2311.0,1006.0,2206.0,47.0,3.0
6,2020-11-01,116.0,142.0,88,11708,9750,12766,6656,2332,154,5439.0,9996.0,4572.0,4791.0,3037.0,4932.0,130.0,61.0
6,2020-12-01,103.0,205.0,405,10983,7869,9646,5534,1526,259,5083.0,10553.0,4724.0,4445.0,2891.0,4997.0,165.0,36.0
6,2021-01-01,66.0,46.0,220,7603,5588,8276,5273,1646,281,4840.0,8894.0,4030.0,4299.0,2601.0,4253.0,236.0,22.0
6,2021-02-01,50.0,53.0,194,7630,5850,9184,5647,1592,324,5855.0,12109.0,5574.0,5360.0,3305.0,5993.0,808.0,159.0
6,2021-03-01,62.0,40.0,576,9665,6300,8925,4647,1435,303,11184.0,25386.0,11430.0,11642.0,5966.0,14070.0,384.0,77.0
6,2021-04-01,44.0,36.0,559,8795,4936,7278,4354,1273,209,5236.0,10648.0,4245.0,4125.0,2241.0,6285.0,523.0,172.0
6,2021-05-01,95.0,20.0,299,11634,6413,9039,5221,1591,232,5478.0,11459.0,5279.0,5177.0,2983.0,13141.0,615.0,343.0
6,2021-06-01,43.0,15.0,279,11461,6652,10804,6237,1800,222,6365.0,12342.0,5749.0,5624.0,3077.0,6293.0,592.0,418.0
6,2021-07-01,37.0,20.0,89,8457,6158,9068,5002,1303,194,5657.0,11968.0,5290.0,5774.0,3354.0,7800.0,402.0,87.0
6,2021-08-01,71.0,24.0,290,14463,9379,11432,5681,1431,212,8253.0,19323.0,8538.0,8751.0,5262.0,9576.0,341.0,72.0
6,2021-09-01,59.0,12.0,105,8905,6468,9032,5089,1439,175,14340.0,48968.0,14712.0,13492.0,8140.0,12713.0,529.0,130.0
6,2021-10-01,40.0,17.0,34,4711,4900,6536,3154,823,58,4226.0,9062.0,2919.0,2691.0,1364.0,2491.0,68.0,36.0
6,2021-11-01,21.0,2.0,24,4015,3734,6064,3057,879,93,6452.0,10542.0,4479.0,4491.0,2589.0,3328.0,133.0,24.0
6,2021-12-01,94.0,73.0,44,3985,4158,6364,3463,1056,130,5002.0,9752.0,3928.0,3459.0,2083.0,2961.0,156.0,20.0
6,2022-01-01,37.0,24.0,122,4353,4317,6487,4128,1321,225,5469.0,11337.0,4928.0,4661.0,2980.0,4280.0,105.0,45.0
6,2022-02-01,55.0,38.0,219,6669,6763,9103,5218,1604,281,7565.0,13803.0,6146.0,6188.0,3541.0,5822.0,530.0,47.0
6,2022-03-01,37.0,134.0,385,7081,7676,11025,6538,2175,234,8606.0,19659.0,9200.0,8810.0,4186.0,5581.0,378.0,117.0
6,2022-04-01,73.0,52.0,413,6753,6366,9271,5189,1576,193,5267.0,11182.0,4780.0,4448.0,2740.0,3907.0,473.0,216.0
6,2022-05-01,117.0,83.0,243,6247,7271,11223,7284,2680,242,7464.0,14916.0,6244.0,6278.0,3835.0,5593.0,411.0,236.0
6,2022-06-01,92.0,30.0,79,5798,7289,10911,7039,2243,302,5884.0,14391.0,5846.0,5848.0,3553.0,5181.0,281.0,109.0
6,2022-07-01,48.0,25.0,79,5181,6227,8520,5051,1439,113,5850.0,11784.0,5300.0,4986.0,2913.0,4144.0,312.0,189.0
6,2022-08-01,31.0,16.0,72,5365,6184,8632,5577,1736,158,6133.0,12818.0,5083.0,5158.0,2983.0,4786.0,168.0,106.0
6,2022-09-01,63.0,39.0,17,4186,6062,8654,4941,1184,48,4814.0,13598.0,5994.0,5374.0,3492.0,5815.0,478.0,143.0
6,2022-10-01,31.0,24.0,18,3007,4620,6593,3469,859,68,4151.0,8606.0,4057.0,3709.0,1907.0,2764.0,104.0,36.0
6,2022-11-01,64.0,47.0,114,3871,5489,7732,4448,1261,171,6196.0,12580.0,5567.0,5724.0,3600.0,4810.0,294.0,58.0
6,2022-12-01,48.0,27.0,218,3915,5281,7837,4464,1408,237,21309.0,55202.0,21607.0,21838.0,12911.0,19822.0,598.0,110.0
6,2023-01-01,49.0,37.0,82,4511,5671,7720,4770,1376,241,13029.0,30129.0,13964.0,13481.0,7467.0,13802.0,521.0,200.0
6,2023-02-01,50.0,33.0,300,6168,6091,8505,5381,1535,212,18620.0,40627.0,17329.0,17801.0,10388.0,15750.0,851.0,152.0
6,2023-03-01,35.0,27.0,240,5285,5691,8198,4847,1373,160,11566.0,29957.0,12905.0,12410.0,7301.0,11261.0,400.0,135.0
6,2023-04-01,34.0,16.0,399,5240,5627,7515,4609,1260,195,4678.0,10794.0,5297.0,4835.0,2664.0,4322.0,305.0,10.0
6,2023-05-01,37.0,15.0,288,5049,5607,7533,4673,1222,130,8497.0,29381.0,11154.0,12163.0,7654.0,19065.0,1315.0,193.0
6,2023-06-01,75.0,65.0,74,9177,8326,9518,4979,1327,130,10918.0,23418.0,10885.0,11241.0,7002.0,11062.0,840.0,100.0
6,2023-07-01,41.0,18.0,78,4721,5797,8273,4935,1352,90,3546.0,9340.0,4368.0,4364.0,3054.0,4443.0,165.0,37.0
6,2023-08-01,34.0,11.0,25,3835,5185,7552,4330,1112,59,2414.0,5857.0,2662.0,2693.0,1597.0,3866.0,187.0,38.0
6,2023-09-01,32.0,13.0,8,2752,4297,6223,3619,970,52,2226.0,5427.0,2214.0,2140.0,1220.0,2074.0,63.0,16.0
6,2023-10-01,39.0,13.0,57,2654,3775,5491,3573,1048,63,5326.0,12726.0,5597.0,5444.0,3224.0,5293.0,171.0,32.0
6,2023-11-01,20.0,13.0,61,2907,4248,6526,3959,1288,168,10266.0,23230.0,10557.0,10730.0,6660.0,12236.0,469.0,184.0
6,2023-12-01,47.0,32.0,110,2911,4201,6851,4200,1152,202,0.0,0.0,0.0,0.0,0.0,0.0,0.0,0.0
6,2024-01-01,33.0,19.0,79,3403,4394,7278,4327,1354,243,9897.0,26983.0,11143.0,10504.0,6979.0,10743.0,303.0,59.0
6,2024-02-01,55.0,31.0,243,4117,5379,8738,5241,1420,156,10631.0,28482.0,13670.0,14177.0,7780.0,12422.0,201.0,60.0
6,2024-03-01,40.0,12.0,248,4307,5220,7990,5173,1482,128,9753.0,26569.0,11092.0,13961.0,7983.0,12025.0,249.0,46.0
6,2024-04-01,34.0,21.0,234,4537,5391,7904,5023,1317,190,8656.0,24412.0,10663.0,11854.0,7100.0,12419.0,251.0,47.0
6,2024-05-01,64.0,37.0,271,4073,5296,7978,5042,1464,165,7631.0,24182.0,10789.0,12525.0,7438.0,13401.0,337.0,87.0
6,2024-06-01,42.0,11.0,181,8221,7883,9738,6257,1707,244,11135.0,38900.0,17683.0,18931.0,13474.0,23418.0,1328.0,392.0
6,2024-07-01,51.0,8.0,138,8202,8010,10585,6340,1710,285,11057.0,28214.0,10360.0,11599.0,6683.0,9650.0,146.0,33.0
6,2024-08-01,85.0,112.0,107,3339,5322,8664,5452,1470,92,8724.0,23636.0,9694.0,9803.0,5698.0,9039.0,203.0,71.0
6,2024-09-01,31.0,9.0,31,2758,4924,8091,5684,1866,73,5845.0,16255.0,6848.0,6749.0,4516.0,6550.0,70.0,4.0
6,2024-10-01,41.0,19.0,29,3247,5592,7732,4781,1488,114,5803.0,15208.0,7158.0,7058.0,5060.0,6771.0,87.0,13.0
6,2024-11-01,122.0,97.0,165,3407,5333,8680,5469,1598,214,4697.0,12829.0,5923.0,5810.0,3503.0,5602.0,98.0,20.0
6,2024-12-01,113.0,95.0,208,3470,5018,8325,5253,1640,433,4870.0,12589.0,5590.0,5280.0,3381.0,4863.0,36.0,12.0
6,2025-01-01,31.0,27.0,113,3277,4978,8063,5268,1604,270,5925.0,13105.0,5760.0,5547.0,3455.0,4646.0,171.0,45.0
6,2025-02-01,57.0,20.0,226,4538,5187,8820,5634,1610,226,5170.0,12668.0,5887.0,5499.0,3314.0,6277.0,125.0,25.0
6,2025-03-01,89.0,67.0,302,4678,5002,8507,5692,1726,217,5847.0,15201.0,6426.0,6434.0,4260.0,6207.0,271.0,14.0
6,2025-04-01,43.0,39.0,402,3758,4570,7665,5198,1676,209,4714.0,14714.0,6073.0,6250.0,3658.0,10447.0,244.0,110.0
6,2025-05-01,29.0,12.0,198,4014,4692,7379,5296,1686,178,6130.0,19864.0,10040.0,9869.0,5077.0,13902.0,556.0,142.0
6,2025-06-01,33.0,16.0,110,6340,6162,9310,6768,1874,156,5674.0,13209.0,5687.0,5363.0,3419.0,5842.0,686.0,81.0
6,2025-07-01,43.0,28.0,23,3263,4720,7674,5282,1436,93,4313.0,11026.0,4962.0,5121.0,3182.0,4769.0,480.0,50.0
6,2025-08-01,20.0,19.0,21,2551,3933,6487,4276,1254,67,3737.0,10012.0,4322.0,4541.0,2975.0,5129.0,771.0,87.0
6,2025-09-01,13.0,14.0,17,1720,3051,5081,3367,925,61,2844.0,6813.0,3293.0,3130.0,2206.0,3685.0,691.0,7.0
6,2025-10-01,30.0,17.0,51,2435,4047,7093,5035,1384,142,5468.0,10864.0,4143.0,4174.0,2668.0,3902.0,157.0,1.0
6,2025-11-01,40.0,34.0,158,3381,4541,8518,6420,1833,270,4285.0,16180.0,7230.0,5825.0,3279.0,15434.0,531.0,142.0
6,2025-12-01,21.0,4.0,269,3656,4840,8654,6733,2086,235,6321.0,15017.0,5588.0,5950.0,3962.0,13788.0,527.0,38.0
6,2026-01-01,35.0,21.0,238,4752,5054,8180,5879,1870,316,3735.0,10709.0,4606.0,4569.0,2862.0,4631.0,60.0,0.0
6,2026-02-01,41.0,32.0,364,4632,5069,8431,6220,1951,304,4039.0,10975.0,5112.0,4959.0,2972.0,4928.0,144.0,58.0
6,2026-03-01,57.0,34.0,214,5099,4595,7721,5697,1690,229,3995.0,11504.0,4718.0,5112.0,2866.0,4668.0,156.0,19.0
6,2026-04-01,28.0,5.0,361,4062,4218,7398,5691,818,145,3216.0,9604.0,4071.0,4313.0,2365.0,3666.0,28.0,6.0
6,2026-05-01,47.0,24.0,70,3497,4645,7815,5532,1598,135,3207.0,9332.0,3925.0,3886.0,1900.0,3223.0,52.0,21.0
6,2026-06-01,27.0,13.0,37,3038,4188,7590,5335,1537,150,3033.0,9146.0,3801.0,3988.0,2440.0,3842.0,38.0,9.0
6,2026-07-01,15.0,17.0,36,2672,4062,6636,4435,1209,102,2825.0,7710.0,3603.0,3698.0,2072.0,3660.0,59.0,13.0
6,2026-08-01,9.0,4.0,32,1958,3225,5743,4078,1043,81,2301.0,6398.0,2958.0,2728.0,1575.0,2820.0,38.0,10.0
7,2014-01-01,2111.0,1228.0,90,8028,7420,10483,6481,2445,117,4958.0,8778.0,4309.0,4565.0,2291.0,16223.0,91.0,0.0
7,2014-02-01,2336.0,1377.0,373,13312,9098,12363,7486,2588,91,4753.0,9041.0,6924.0,7249.0,4951.0,6894.0,222.0,33.0
7,2014-03-01,2390.0,1444.0,613,16737,9041,12168,7131,2240,68,5698.0,11291.0,5354.0,5490.0,2907.0,5095.0,223.0,46.0
7,2014-04-01,2380.0,1648.0,1034,16092,9513,12469,7534,2495,96,5485.0,10913.0,5338.0,5277.0,3078.0,4818.0,246.0,182.0
7,2014-05-01,2259.0,1698.0,295,13378,9686,12735,7467,2254,127,4477.0,8035.0,4152.0,4405.0,2313.0,3940.0,85.0,1.0
7,2014-06-01,2819.0,1854.0,157,14692,10976,14917,8855,2789,51,6876.0,11935.0,6006.0,6348.0,3375.0,6092.0,306.0,9.0
7,2014-07-01,2093.0,1954.0,82,10823,8911,12228,7430,2368,48,6308.0,11250.0,5428.0,5854.0,3318.0,5720.0,71.0,2.0
7,2014-08-01,1888.0,1865.0,179,9351,7950,10525,6446,1967,46,6856.0,12997.0,6100.0,6639.0,3561.0,4945.0,50.0,2.0
7,2014-09-01,1931.0,2782.0,108,9697,8017,11301,6864,2202,37,8681.0,17472.0,7794.0,7750.0,3971.0,5925.0,105.0,53.0
7,2014-10-01,1932.0,1105.0,101,7855,7126,10152,6879,2362,42,5389.0,9131.0,4222.0,4310.0,1918.0,3651.0,98.0,16.0
7,2014-11-01,2213.0,1690.0,104,10179,7825,10564,6627,2121,24,6397.0,12088.0,5746.0,6251.0,2987.0,5346.0,88.0,31.0
7,2014-12-01,1671.0,1407.0,210,9468,6434,8751,5745,1848,44,5724.0,10379.0,5037.0,5562.0,2556.0,4147.0,95.0,7.0
7,2015-01-01,1974.0,1368.0,131,8603,8611,11131,7290,2639,49,5239.0,10927.0,5103.0,5255.0,2767.0,4588.0,179.0,24.0
7,2015-02-01,2581.0,2023.0,473,11561,10086,13350,8293,2826,52,7435.0,13250.0,6296.0,6477.0,3165.0,5737.0,154.0,16.0
7,2015-03-01,2358.0,1359.0,768,13545,9313,11973,7306,2459,30,6352.0,11878.0,5701.0,5907.0,2918.0,5155.0,189.0,3.0
7,2015-04-01,2257.0,1664.0,622,12866,9882,11767,7275,2379,36,5753.0,10832.0,5334.0,5229.0,2654.0,4236.0,101.0,9.0
7,2015-05-01,2626.0,1461.0,318,15757,11031,13663,8591,2684,45,5571.0,11306.0,5750.0,5943.0,2962.0,4899.0,159.0,3.0
7,2015-06-01,2797.0,2267.0,159,15497,11518,14122,8727,2779,36,8503.0,15646.0,7467.0,8064.0,4085.0,7362.0,182.0,5.0
7,2015-07-01,2467.0,2229.0,160,12710,10307,13782,8486,2643,52,8686.0,16470.0,7217.0,7415.0,3547.0,6237.0,205.0,16.0
7,2015-08-01,2309.0,2128.0,82,11134,8849,11328,7110,2345,44,6702.0,11315.0,5595.0,5446.0,2602.0,4841.0,121.0,4.0
7,2015-09-01,2476.0,1769.0,69,10511,8273,11507,7353,2434,21,6560.0,12545.0,5929.0,5807.0,2768.0,4634.0,105.0,6.0
7,2015-10-01,2136.0,1406.0,89,8449,7800,10507,6977,2421,26,6952.0,13231.0,6163.0,6541.0,3504.0,6778.0,212.0,12.0
7,2015-11-01,2784.0,1669.0,137,11655,9146,11822,7767,2490,13,6952.0,13231.0,6163.0,6541.0,3504.0,6778.0,212.0,12.0
7,2015-12-01,2415.0,1426.0,191,9888,7345,9156,6027,1911,22,7123.0,13493.0,6059.0,5889.0,2848.0,4689.0,81.0,0.0
7,2016-01-01,2767.0,1436.0,105,10080,9926,11986,7583,2854,47,6639.0,13139.0,6204.0,6038.0,2882.0,4908.0,160.0,14.0
7,2016-02-01,2763.0,1433.0,191,10449,10345,12760,7962,2982,37,7354.0,14115.0,6365.0,6332.0,3141.0,5547.0,157.0,8.0
7,2016-03-01,2786.0,1689.0,580,12958,10610,12996,8203,2811,38,6464.0,14028.0,6231.0,6210.0,3235.0,5210.0,201.0,9.0
7,2016-04-01,2508.0,1348.0,749,13427,10480,12072,7512,2664,34,6135.0,13189.0,6188.0,6170.0,3411.0,5788.0,197.0,39.0
7,2016-05-01,2777.0,1492.0,287,14221,11347,13668,9022,2938,26,6288.0,12726.0,5822.0,5742.0,2950.0,5181.0,86.0,11.0
7,2016-06-01,804.0,1509.0,130,8294,3200,2374,1120,325,48,6147.0,11639.0,5166.0,5074.0,2737.0,5683.0,338.0,4.0
7,2016-07-01,459.0,1263.0,199,5070,1912,1492,631,214,26,5551.0,11082.0,4725.0,4597.0,2496.0,4610.0,43.0,0.0
7,2016-08-01,497.0,1374.0,326,5550,2070,1562,788,292,30,5631.0,10458.0,4938.0,5078.0,2589.0,4138.0,127.0,17.0
7,2016-09-01,500.0,1277.0,296,5414,1921,1662,818,233,19,5448.0,10617.0,4353.0,4201.0,1938.0,3396.0,136.0,1.0
7,2016-10-01,292.0,716.0,105,2889,1556,1463,726,249,19,3774.0,7320.0,3386.0,3151.0,1601.0,3042.0,302.0,72.0
7,2016-11-01,514.0,1004.0,80,4921,2464,2151,1187,368,22,5582.0,10815.0,4839.0,4887.0,2316.0,4091.0,191.0,7.0
7,2016-12-01,443.0,907.0,114,4356,2218,2089,1014,316,19,4944.0,9407.0,4336.0,4027.0,1987.0,3552.0,47.0,4.0
7,2017-01-01,593.0,852.0,122,4455,2992,2456,1204,461,41,5163.0,9841.0,4458.0,4624.0,2379.0,4110.0,69.0,1.0
7,2017-02-01,876.0,987.0,251,6207,3801,3060,1661,522,38,5515.0,10728.0,5552.0,5048.0,2463.0,4329.0,249.0,5.0
7,2017-03-01,656.0,1033.0,520,7976,3485,2694,1418,549,66,6321.0,12715.0,5652.0,5206.0,2728.0,4639.0,212.0,18.0
7,2017-04-01,719.0,952.0,639,7921,3107,2479,1231,435,114,5177.0,10933.0,4522.0,5544.0,3316.0,4621.0,66.0,12.0
7,2017-05-01,1020.0,1328.0,278,7785,3167,2398,1265,455,73,6193.0,13139.0,5545.0,5473.0,2802.0,4136.0,57.0,3.0
7,2017-06-01,617.0,1480.0,153,7974,3170,2303,1233,458,166,6885.0,14245.0,7006.0,6661.0,3890.0,5220.0,83.0,1.0
7,2017-07-01,780.0,1457.0,198,7915,3387,2405,1315,372,161,6654.0,12158.0,5600.0,5568.0,3186.0,4731.0,83.0,5.0
7,2017-08-01,388.0,1179.0,29,3530,1967,1849,997,343,472,5997.0,10474.0,4345.0,4291.0,2275.0,3824.0,54.0,17.0
7,2017-09-01,380.0,1311.0,120,2827,1536,1417,739,239,410,6797.0,9679.0,4304.0,4100.0,1955.0,3380.0,121.0,20.0
7,2017-10-01,347.0,692.0,21,2783,1828,1637,979,376,47,4078.0,16291.0,3243.0,3265.0,1620.0,2751.0,62.0,27.0
7,2017-11-01,488.0,955.0,61,3512,2146,2123,1288,463,112,5234.0,8970.0,3926.0,4062.0,1968.0,3131.0,72.0,9.0
7,2017-12-01,488.0,990.0,93,3842,2150,1934,880,302,279,5149.0,8013.0,3755.0,3544.0,1929.0,2919.0,74.0,6.0
7,2018-01-01,784.0,1068.0,46,5107,4227,3045,1580,557,256,7091.0,13208.0,6560.0,6878.0,3614.0,6318.0,173.0,7.0
7,2018-02-01,413.0,1006.0,197,4993,2404,2103,973,388,218,5403.0,10273.0,4731.0,4491.0,2453.0,3704.0,133.0,5.0
7,2018-03-01,433.0,916.0,1215,6691,2321,2055,1011,396,172,4972.0,9861.0,4458.0,4375.0,2250.0,3607.0,89.0,14.0
7,2018-04-01,534.0,1174.0,1493,8507,2147,1809,901,362,229,4692.0,10418.0,4831.0,4425.0,2456.0,3150.0,124.0,0.0
7,2018-05-01,553.0,897.0,528,7092,3000,2234,1098,396,204,5959.0,11118.0,4924.0,4871.0,2817.0,3566.0,169.0,4.0
7,2018-06-01,398.0,944.0,256,4799,2356,2076,1074,398,188,5094.0,9050.0,4195.0,4034.0,2068.0,2988.0,60.0,7.0
7,2018-07-01,328.0,805.0,53,3103,2064,1739,921,284,176,4604.0,7187.0,3343.0,3274.0,1677.0,3236.0,81.0,0.0
7,2018-08-01,439.0,914.0,126,3618,2046,1907,1072,326,191,5284.0,8372.0,3941.0,3648.0,1566.0,3147.0,68.0,1.0
7,2018-09-01,429.0,710.0,26,3804,2140,1947,1288,432,111,5093.0,9069.0,4198.0,4160.0,2335.0,4118.0,54.0,6.0
7,2018-10-01,324.0,754.0,13,2915,1799,1556,962,304,142,4056.0,6597.0,2929.0,2862.0,1460.0,2456.0,67.0,2.0
7,2018-11-01,414.0,941.0,41,3468,1934,1707,1049,349,178,4614.0,8290.0,3596.0,3582.0,1968.0,2697.0,90.0,3.0
7,2018-12-01,307.0,750.0,95,3493,1988,1812,1087,405,208,4633.0,8115.0,3741.0,3561.0,1909.0,2762.0,184.0,9.0
7,2019-01-01,397.0,861.0,264,4284,2654,2075,1287,564,238,5149.0,9711.0,4055.0,4034.0,2033.0,3019.0,101.0,11.0
7,2019-02-01,496.0,1079.0,502,7257,2768,2135,1263,476,260,5618.0,11384.0,5398.0,5266.0,3179.0,4490.0,184.0,6.0
7,2019-03-01,611.0,1204.0,989,8750,2603,2261,1294,448,213,6958.0,14177.0,6947.0,6572.0,3945.0,4758.0,211.0,0.0
7,2019-04-01,572.0,1163.0,1555,11162,2607,1931,1084,420,383,5321.0,12787.0,5924.0,5444.0,3334.0,3660.0,113.0,9.0
7,2019-05-01,694.0,1339.0,1170,8743,2619,1930,1072,418,136,5478.0,11836.0,5575.0,5178.0,3003.0,3672.0,63.0,12.0
7,2019-06-01,477.0,1043.0,179,5415,2534,1835,1050,401,158,5657.0,9990.0,4647.0,4206.0,2090.0,3252.0,181.0,24.0
7,2019-07-01,360.0,856.0,24,4013,2185,1817,1074,375,84,4702.0,8064.0,3625.0,3224.0,1636.0,2952.0,106.0,2.0
7,2019-08-01,399.0,1175.0,371,3634,1584,1491,1025,486,88,4954.0,10293.0,4581.0,4207.0,2435.0,3638.0,261.0,141.0
7,2019-09-01,232.0,822.0,51,1957,1258,1260,734,282,39,3614.0,6251.0,2420.0,2279.0,1116.0,1871.0,45.0,18.0
7,2019-10-01,325.0,766.0,15,2206,1508,1443,950,407,54,3370.0,6386.0,2583.0,2451.0,1242.0,2249.0,60.0,10.0
7,2019-11-01,361.0,955.0,54,2768,1770,1769,990,360,67,3991.0,7185.0,3114.0,2960.0,1552.0,2361.0,56.0,5.0
7,2019-12-01,403.0,856.0,122,2998,1730,1633,959,312,73,3674.0,7705.0,3070.0,2976.0,1635.0,2843.0,72.0,4.0
7,2020-01-01,1154.0,797.0,56,3436,4134,7958,4288,1247,119,3827.0,7205.0,3132.0,3028.0,1614.0,2244.0,41.0,3.0
7,2020-02-01,1366.0,975.0,104,4754,4877,8825,5092,1496,147,4010.0,7654.0,3407.0,3281.0,1742.0,2820.0,46.0,6.0
7,2020-03-01,1268.0,1106.0,280,7993,4009,7341,4617,1309,185,3746.0,6308.0,2804.0,2652.0,1374.0,1860.0,25.0,6.0
7,2020-04-01,2486.0,2005.0,677,8714,4651,6227,3143,840,210,2895.0,14218.0,6736.0,6838.0,5325.0,6197.0,42.0,9.0
7,2020-05-01,2529.0,2004.0,566,9529,5307,7493,3597,1118,267,4090.0,9091.0,4543.0,4045.0,2449.0,4141.0,97.0,33.0
7,2020-06-01,3618.0,2110.0,1012,12640,6685,8943,5216,1580,344,5658.0,12876.0,5715.0,5376.0,3055.0,4601.0,229.0,48.0
7,2020-07-01,3102.0,2720.0,324,10204,6707,9325,4690,1417,320,5964.0,13586.0,6125.0,5667.0,3246.0,5173.0,321.0,101.0
7,2020-08-01,1424.0,1282.0,366,11078,7404,10147,5253,1621,256,6451.0,13460.0,5470.0,5391.0,2662.0,4227.0,133.0,32.0
7,2020-09-01,604.0,611.0,172,7420,5292,7402,3544,981,126,94365.0,155311.0,59241.0,55779.0,30803.0,61513.0,3807.0,823.0
7,2020-10-01,486.0,375.0,119,5253,4346,6426,3432,1083,70,3305.0,5423.0,2123.0,2311.0,1006.0,2206.0,47.0,3.0
7,2020-11-01,1795.0,1326.0,88,11708,9750,12766,6656,2332,154,5439.0,9996.0,4572.0,4791.0,3037.0,4932.0,130.0,61.0
7,2020-12-01,1136.0,861.0,405,10983,7869,9646,5534,1526,259,5083.0,10553.0,4724.0,4445.0,2891.0,4997.0,165.0,36.0
7,2021-01-01,965.0,389.0,220,7603,5588,8276,5273,1646,281,4840.0,8894.0,4030.0,4299.0,2601.0,4253.0,236.0,22.0
7,2021-02-01,713.0,384.0,194,7630,5850,9184,5647,1592,324,5855.0,12109.0,5574.0,5360.0,3305.0,5993.0,808.0,159.0
7,2021-03-01,891.0,433.0,576,9665,6300,8925,4647,1435,303,11184.0,25386.0,11430.0,11642.0,5966.0,14070.0,384.0,77.0
7,2021-04-01,695.0,323.0,559,8795,4936,7278,4354,1273,209,5236.0,10648.0,4245.0,4125.0,2241.0,6285.0,523.0,172.0
7,2021-05-01,1093.0,573.0,299,11634,6413,9039,5221,1591,232,5478.0,11459.0,5279.0,5177.0,2983.0,13141.0,615.0,343.0
7,2021-06-01,1202.0,713.0,279,11461,6652,10804,6237,1800,222,6365.0,12342.0,5749.0,5624.0,3077.0,6293.0,592.0,418.0
7,2021-07-01,1043.0,640.0,89,8457,6158,9068,5002,1303,194,5657.0,11968.0,5290.0,5774.0,3354.0,7800.0,402.0,87.0
7,2021-08-01,1661.0,1101.0,290,14463,9379,11432,5681,1431,212,8253.0,19323.0,8538.0,8751.0,5262.0,9576.0,341.0,72.0
7,2021-09-01,1194.0,618.0,105,8905,6468,9032,5089,1439,175,14340.0,48968.0,14712.0,13492.0,8140.0,12713.0,529.0,130.0
7,2021-10-01,724.0,266.0,34,4711,4900,6536,3154,823,58,4226.0,9062.0,2919.0,2691.0,1364.0,2491.0,68.0,36.0
7,2021-11-01,556.0,338.0,24,4015,3734,6064,3057,879,93,6452.0,10542.0,4479.0,4491.0,2589.0,3328.0,133.0,24.0
7,2021-12-01,518.0,280.0,44,3985,4158,6364,3463,1056,130,5002.0,9752.0,3928.0,3459.0,2083.0,2961.0,156.0,20.0
7,2022-01-01,625.0,389.0,122,4353,4317,6487,4128,1321,225,5469.0,11337.0,4928.0,4661.0,2980.0,4280.0,105.0,45.0
7,2022-02-01,1049.0,820.0,219,6669,6763,9103,5218,1604,281,7565.0,13803.0,6146.0,6188.0,3541.0,5822.0,530.0,47.0
7,2022-03-01,949.0,382.0,385,7081,7676,11025,6538,2175,234,8606.0,19659.0,9200.0,8810.0,4186.0,5581.0,378.0,117.0
7,2022-04-01,1100.0,843.0,413,6753,6366,9271,5189,1576,193,5267.0,11182.0,4780.0,4448.0,2740.0,3907.0,473.0,216.0
7,2022-05-01,1480.0,1260.0,243,6247,7271,11223,7284,2680,242,7464.0,14916.0,6244.0,6278.0,3835.0,5593.0,411.0,236.0
7,2022-06-01,1122.0,770.0,79,5798,7289,10911,7039,2243,302,5884.0,14391.0,5846.0,5848.0,3553.0,5181.0,281.0,109.0
7,2022-07-01,944.0,957.0,79,5181,6227,8520,5051,1439,113,5850.0,11784.0,5300.0,4986.0,2913.0,4144.0,312.0,189.0
7,2022-08-01,921.0,648.0,72,5365,6184,8632,5577,1736,158,6133.0,12818.0,5083.0,5158.0,2983.0,4786.0,168.0,106.0
7,2022-09-01,716.0,866.0,17,4186,6062,8654,4941,1184,48,4814.0,13598.0,5994.0,5374.0,3492.0,5815.0,478.0,143.0
7,2022-10-01,631.0,329.0,18,3007,4620,6593,3469,859,68,4151.0,8606.0,4057.0,3709.0,1907.0,2764.0,104.0,36.0
7,2022-11-01,763.0,498.0,114,3871,5489,7732,4448,1261,171,6196.0,12580.0,5567.0,5724.0,3600.0,4810.0,294.0,58.0
7,2022-12-01,797.0,612.0,218,3915,5281,7837,4464,1408,237,21309.0,55202.0,21607.0,21838.0,12911.0,19822.0,598.0,110.0
7,2023-01-01,901.0,619.0,82,4511,5671,7720,4770,1376,241,13029.0,30129.0,13964.0,13481.0,7467.0,13802.0,521.0,200.0
7,2023-02-01,1286.0,801.0,300,6168,6091,8505,5381,1535,212,18620.0,40627.0,17329.0,17801.0,10388.0,15750.0,851.0,152.0
7,2023-03-01,944.0,602.0,240,5285,5691,8198,4847,1373,160,11566.0,29957.0,12905.0,12410.0,7301.0,11261.0,400.0,135.0
7,2023-04-01,1059.0,822.0,399,5240,5627,7515,4609,1260,195,4678.0,10794.0,5297.0,4835.0,2664.0,4322.0,305.0,10.0
7,2023-05-01,784.0,553.0,288,5049,5607,7533,4673,1222,130,8497.0,29381.0,11154.0,12163.0,7654.0,19065.0,1315.0,193.0
7,2023-06-01,913.0,410.0,74,9177,8326,9518,4979,1327,130,10918.0,23418.0,10885.0,11241.0,7002.0,11062.0,840.0,100.0
7,2023-07-01,883.0,727.0,78,4721,5797,8273,4935,1352,90,3546.0,9340.0,4368.0,4364.0,3054.0,4443.0,165.0,37.0
7,2023-08-01,625.0,451.0,25,3835,5185,7552,4330,1112,59,2414.0,5857.0,2662.0,2693.0,1597.0,3866.0,187.0,38.0
7,2023-09-01,595.0,417.0,8,2752,4297,6223,3619,970,52,2226.0,5427.0,2214.0,2140.0,1220.0,2074.0,63.0,16.0
7,2023-10-01,550.0,342.0,57,2654,3775,5491,3573,1048,63,5326.0,12726.0,5597.0,5444.0,3224.0,5293.0,171.0,32.0
7,2023-11-01,679.0,476.0,61,2907,4248,6526,3959,1288,168,10266.0,23230.0,10557.0,10730.0,6660.0,12236.0,469.0,184.0
7,2023-12-01,761.0,439.0,110,2911,4201,6851,4200,1152,202,0.0,0.0,0.0,0.0,0.0,0.0,0.0,0.0
7,2024-01-01,761.0,494.0,79,3403,4394,7278,4327,1354,243,9897.0,26983.0,11143.0,10504.0,6979.0,10743.0,303.0,59.0
7,2024-02-01,982.0,564.0,243,4117,5379,8738,5241,1420,156,10631.0,28482.0,13670.0,14177.0,7780.0,12422.0,201.0,60.0
7,2024-03-01,931.0,547.0,248,4307,5220,7990,5173,1482,128,9753.0,26569.0,11092.0,13961.0,7983.0,12025.0,249.0,46.0
7,2024-04-01,989.0,522.0,234,4537,5391,7904,5023,1317,190,8656.0,24412.0,10663.0,11854.0,7100.0,12419.0,251.0,47.0
7,2024-05-01,907.0,545.0,271,4073,5296,7978,5042,1464,165,7631.0,24182.0,10789.0,12525.0,7438.0,13401.0,337.0,87.0
7,2024-06-01,878.0,638.0,181,8221,7883,9738,6257,1707,244,11135.0,38900.0,17683.0,18931.0,13474.0,23418.0,1328.0,392.0
7,2024-07-01,1021.0,531.0,138,8202,8010,10585,6340,1710,285,11057.0,28214.0,10360.0,11599.0,6683.0,9650.0,146.0,33.0
7,2024-08-01,854.0,479.0,107,3339,5322,8664,5452,1470,92,8724.0,23636.0,9694.0,9803.0,5698.0,9039.0,203.0,71.0
7,2024-09-01,875.0,494.0,31,2758,4924,8091,5684,1866,73,5845.0,16255.0,6848.0,6749.0,4516.0,6550.0,70.0,4.0
7,2024-10-01,728.0,357.0,29,3247,5592,7732,4781,1488,114,5803.0,15208.0,7158.0,7058.0,5060.0,6771.0,87.0,13.0
7,2024-11-01,817.0,459.0,165,3407,5333,8680,5469,1598,214,4697.0,12829.0,5923.0,5810.0,3503.0,5602.0,98.0,20.0
7,2024-12-01,712.0,547.0,208,3470,5018,8325,5253,1640,433,4870.0,12589.0,5590.0,5280.0,3381.0,4863.0,36.0,12.0
7,2025-01-01,681.0,352.0,113,3277,4978,8063,5268,1604,270,5925.0,13105.0,5760.0,5547.0,3455.0,4646.0,171.0,45.0
7,2025-02-01,828.0,422.0,226,4538,5187,8820,5634,1610,226,5170.0,12668.0,5887.0,5499.0,3314.0,6277.0,125.0,25.0
7,2025-03-01,940.0,575.0,302,4678,5002,8507,5692,1726,217,5847.0,15201.0,6426.0,6434.0,4260.0,6207.0,271.0,14.0
7,2025-04-01,888.0,545.0,402,3758,4570,7665,5198,1676,209,4714.0,14714.0,6073.0,6250.0,3658.0,10447.0,244.0,110.0
7,2025-05-01,793.0,620.0,198,4014,4692,7379,5296,1686,178,6130.0,19864.0,10040.0,9869.0,5077.0,13902.0,556.0,142.0
7,2025-06-01,919.0,540.0,110,6340,6162,9310,6768,1874,156,5674.0,13209.0,5687.0,5363.0,3419.0,5842.0,686.0,81.0
7,2025-07-01,674.0,480.0,23,3263,4720,7674,5282,1436,93,4313.0,11026.0,4962.0,5121.0,3182.0,4769.0,480.0,50.0
7,2025-08-01,709.0,497.0,21,2551,3933,6487,4276,1254,67,3737.0,10012.0,4322.0,4541.0,2975.0,5129.0,771.0,87.0
7,2025-09-01,553.0,334.0,17,1720,3051,5081,3367,925,61,2844.0,6813.0,3293.0,3130.0,2206.0,3685.0,691.0,7.0
7,2025-10-01,610.0,307.0,51,2435,4047,7093,5035,1384,142,5468.0,10864.0,4143.0,4174.0,2668.0,3902.0,157.0,1.0
7,2025-11-01,830.0,503.0,158,3381,4541,8518,6420,1833,270,4285.0,16180.0,7230.0,5825.0,3279.0,15434.0,531.0,142.0
7,2025-12-01,796.0,547.0,269,3656,4840,8654,6733,2086,235,6321.0,15017.0,5588.0,5950.0,3962.0,13788.0,527.0,38.0
7,2026-01-01,682.0,407.0,238,4752,5054,8180,5879,1870,316,3735.0,10709.0,4606.0,4569.0,2862.0,4631.0,60.0,0.0
7,2026-02-01,807.0,444.0,364,4632,5069,8431,6220,1951,304,4039.0,10975.0,5112.0,4959.0,2972.0,4928.0,144.0,58.0
7,2026-03-01,689.0,412.0,214,5099,4595,7721,5697,1690,229,3995.0,11504.0,4718.0,5112.0,2866.0,4668.0,156.0,19.0
7,2026-04-01,727.0,417.0,361,4062,4218,7398,5691,818,145,3216.0,9604.0,4071.0,4313.0,2365.0,3666.0,28.0,6.0
7,2026-05-01,775.0,471.0,70,3497,4645,7815,5532,1598,135,3207.0,9332.0,3925.0,3886.0,1900.0,3223.0,52.0,21.0
7,2026-06-01,606.0,383.0,37,3038,4188,7590,5335,1537,150,3033.0,9146.0,3801.0,3988.0,2440.0,3842.0,38.0,9.0
7,2026-07-01,631.0,439.0,36,2672,4062,6636,4435,1209,102,2825.0,7710.0,3603.0,3698.0,2072.0,3660.0,59.0,13.0
7,2026-08-01,441.0,264.0,32,1958,3225,5743,4078,1043,81,2301.0,6398.0,2958.0,2728.0,1575.0,2820.0,38.0,10.0
8,2014-01-01,2175.0,1850.0,90,8028,7420,10483,6481,2445,117,4958.0,8778.0,4309.0,4565.0,2291.0,16223.0,91.0,0.0
8,2014-02-01,2385.0,1593.0,373,13312,9098,12363,7486,2588,91,4753.0,9041.0,6924.0,7249.0,4951.0,6894.0,222.0,33.0
8,2014-03-01,2492.0,2200.0,613,16737,9041,12168,7131,2240,68,5698.0,11291.0,5354.0,5490.0,2907.0,5095.0,223.0,46.0
8,2014-04-01,2667.0,2594.0,1034,16092,9513,12469,7534,2495,96,5485.0,10913.0,5338.0,5277.0,3078.0,4818.0,246.0,182.0
8,2014-05-01,2644.0,1847.0,295,13378,9686,12735,7467,2254,127,4477.0,8035.0,4152.0,4405.0,2313.0,3940.0,85.0,1.0
8,2014-06-01,2725.0,1748.0,157,14692,10976,14917,8855,2789,51,6876.0,11935.0,6006.0,6348.0,3375.0,6092.0,306.0,9.0
8,2014-07-01,2688.0,2316.0,82,10823,8911,12228,7430,2368,48,6308.0,11250.0,5428.0,5854.0,3318.0,5720.0,71.0,2.0
8,2014-08-01,2302.0,3245.0,179,9351,7950,10525,6446,1967,46,6856.0,12997.0,6100.0,6639.0,3561.0,4945.0,50.0,2.0
8,2014-09-01,2521.0,3689.0,108,9697,8017,11301,6864,2202,37,8681.0,17472.0,7794.0,7750.0,3971.0,5925.0,105.0,53.0
8,2014-10-01,2361.0,1250.0,101,7855,7126,10152,6879,2362,42,5389.0,9131.0,4222.0,4310.0,1918.0,3651.0,98.0,16.0
8,2014-11-01,2248.0,1949.0,104,10179,7825,10564,6627,2121,24,6397.0,12088.0,5746.0,6251.0,2987.0,5346.0,88.0,31.0
8,2014-12-01,1959.0,1900.0,210,9468,6434,8751,5745,1848,44,5724.0,10379.0,5037.0,5562.0,2556.0,4147.0,95.0,7.0
8,2015-01-01,2634.0,2269.0,131,8603,8611,11131,7290,2639,49,5239.0,10927.0,5103.0,5255.0,2767.0,4588.0,179.0,24.0
8,2015-02-01,2911.0,1921.0,473,11561,10086,13350,8293,2826,52,7435.0,13250.0,6296.0,6477.0,3165.0,5737.0,154.0,16.0
8,2015-03-01,2700.0,2027.0,768,13545,9313,11973,7306,2459,30,6352.0,11878.0,5701.0,5907.0,2918.0,5155.0,189.0,3.0
8,2015-04-01,2485.0,1465.0,622,12866,9882,11767,7275,2379,36,5753.0,10832.0,5334.0,5229.0,2654.0,4236.0,101.0,9.0
8,2015-05-01,3112.0,1857.0,318,15757,11031,13663,8591,2684,45,5571.0,11306.0,5750.0,5943.0,2962.0,4899.0,159.0,3.0
8,2015-06-01,3806.0,3365.0,159,15497,11518,14122,8727,2779,36,8503.0,15646.0,7467.0,8064.0,4085.0,7362.0,182.0,5.0
8,2015-07-01,3221.0,3115.0,160,12710,10307,13782,8486,2643,52,8686.0,16470.0,7217.0,7415.0,3547.0,6237.0,205.0,16.0
8,2015-08-01,2742.0,3274.0,82,11134,8849,11328,7110,2345,44,6702.0,11315.0,5595.0,5446.0,2602.0,4841.0,121.0,4.0
8,2015-09-01,2726.0,2066.0,69,10511,8273,11507,7353,2434,21,6560.0,12545.0,5929.0,5807.0,2768.0,4634.0,105.0,6.0
8,2015-10-01,2465.0,1684.0,89,8449,7800,10507,6977,2421,26,6952.0,13231.0,6163.0,6541.0,3504.0,6778.0,212.0,12.0
8,2015-11-01,2899.0,2206.0,137,11655,9146,11822,7767,2490,13,6952.0,13231.0,6163.0,6541.0,3504.0,6778.0,212.0,12.0
8,2015-12-01,2268.0,1789.0,191,9888,7345,9156,6027,1911,22,7123.0,13493.0,6059.0,5889.0,2848.0,4689.0,81.0,0.0
8,2016-01-01,2919.0,2689.0,105,10080,9926,11986,7583,2854,47,6639.0,13139.0,6204.0,6038.0,2882.0,4908.0,160.0,14.0
8,2016-02-01,2388.0,1754.0,191,10449,10345,12760,7962,2982,37,7354.0,14115.0,6365.0,6332.0,3141.0,5547.0,157.0,8.0
8,2016-03-01,2963.0,2423.0,580,12958,10610,12996,8203,2811,38,6464.0,14028.0,6231.0,6210.0,3235.0,5210.0,201.0,9.0
8,2016-04-01,2390.0,1432.0,749,13427,10480,12072,7512,2664,34,6135.0,13189.0,6188.0,6170.0,3411.0,5788.0,197.0,39.0
8,2016-05-01,2679.0,1779.0,287,14221,11347,13668,9022,2938,26,6288.0,12726.0,5822.0,5742.0,2950.0,5181.0,86.0,11.0
8,2016-06-01,616.0,1543.0,130,8294,3200,2374,1120,325,48,6147.0,11639.0,5166.0,5074.0,2737.0,5683.0,338.0,4.0
8,2016-07-01,665.0,1486.0,199,5070,1912,1492,631,214,26,5551.0,11082.0,4725.0,4597.0,2496.0,4610.0,43.0,0.0
8,2016-08-01,382.0,1419.0,326,5550,2070,1562,788,292,30,5631.0,10458.0,4938.0,5078.0,2589.0,4138.0,127.0,17.0
8,2016-09-01,1172.0,1901.0,296,5414,1921,1662,818,233,19,5448.0,10617.0,4353.0,4201.0,1938.0,3396.0,136.0,1.0
8,2016-10-01,502.0,922.0,105,2889,1556,1463,726,249,19,3774.0,7320.0,3386.0,3151.0,1601.0,3042.0,302.0,72.0
8,2016-11-01,635.0,966.0,80,4921,2464,2151,1187,368,22,5582.0,10815.0,4839.0,4887.0,2316.0,4091.0,191.0,7.0
8,2016-12-01,667.0,1147.0,114,4356,2218,2089,1014,316,19,4944.0,9407.0,4336.0,4027.0,1987.0,3552.0,47.0,4.0
8,2017-01-01,626.0,1247.0,122,4455,2992,2456,1204,461,41,5163.0,9841.0,4458.0,4624.0,2379.0,4110.0,69.0,1.0
8,2017-02-01,887.0,1371.0,251,6207,3801,3060,1661,522,38,5515.0,10728.0,5552.0,5048.0,2463.0,4329.0,249.0,5.0
8,2017-03-01,829.0,1441.0,520,7976,3485,2694,1418,549,66,6321.0,12715.0,5652.0,5206.0,2728.0,4639.0,212.0,18.0
8,2017-04-01,764.0,1120.0,639,7921,3107,2479,1231,435,114,5177.0,10933.0,4522.0,5544.0,3316.0,4621.0,66.0,12.0
8,2017-05-01,782.0,1638.0,278,7785,3167,2398,1265,455,73,6193.0,13139.0,5545.0,5473.0,2802.0,4136.0,57.0,3.0
8,2017-06-01,661.0,1876.0,153,7974,3170,2303,1233,458,166,6885.0,14245.0,7006.0,6661.0,3890.0,5220.0,83.0,1.0
8,2017-07-01,1134.0,2114.0,198,7915,3387,2405,1315,372,161,6654.0,12158.0,5600.0,5568.0,3186.0,4731.0,83.0,5.0
8,2017-08-01,481.0,1205.0,29,3530,1967,1849,997,343,472,5997.0,10474.0,4345.0,4291.0,2275.0,3824.0,54.0,17.0
8,2017-09-01,600.0,1682.0,120,2827,1536,1417,739,239,410,6797.0,9679.0,4304.0,4100.0,1955.0,3380.0,121.0,20.0
8,2017-10-01,542.0,822.0,21,2783,1828,1637,979,376,47,4078.0,16291.0,3243.0,3265.0,1620.0,2751.0,62.0,27.0
8,2017-11-01,547.0,988.0,61,3512,2146,2123,1288,463,112,5234.0,8970.0,3926.0,4062.0,1968.0,3131.0,72.0,9.0
8,2017-12-01,674.0,1117.0,93,3842,2150,1934,880,302,279,5149.0,8013.0,3755.0,3544.0,1929.0,2919.0,74.0,6.0
8,2018-01-01,1131.0,1705.0,46,5107,4227,3045,1580,557,256,7091.0,13208.0,6560.0,6878.0,3614.0,6318.0,173.0,7.0
8,2018-02-01,477.0,1156.0,197,4993,2404,2103,973,388,218,5403.0,10273.0,4731.0,4491.0,2453.0,3704.0,133.0,5.0
8,2018-03-01,441.0,1139.0,1215,6691,2321,2055,1011,396,172,4972.0,9861.0,4458.0,4375.0,2250.0,3607.0,89.0,14.0
8,2018-04-01,450.0,992.0,1493,8507,2147,1809,901,362,229,4692.0,10418.0,4831.0,4425.0,2456.0,3150.0,124.0,0.0
8,2018-05-01,425.0,1086.0,528,7092,3000,2234,1098,396,204,5959.0,11118.0,4924.0,4871.0,2817.0,3566.0,169.0,4.0
8,2018-06-01,974.0,1806.0,256,4799,2356,2076,1074,398,188,5094.0,9050.0,4195.0,4034.0,2068.0,2988.0,60.0,7.0
8,2018-07-01,379.0,1010.0,53,3103,2064,1739,921,284,176,4604.0,7187.0,3343.0,3274.0,1677.0,3236.0,81.0,0.0
8,2018-08-01,1009.0,1652.0,126,3618,2046,1907,1072,326,191,5284.0,8372.0,3941.0,3648.0,1566.0,3147.0,68.0,1.0
8,2018-09-01,449.0,932.0,26,3804,2140,1947,1288,432,111,5093.0,9069.0,4198.0,4160.0,2335.0,4118.0,54.0,6.0
8,2018-10-01,412.0,814.0,13,2915,1799,1556,962,304,142,4056.0,6597.0,2929.0,2862.0,1460.0,2456.0,67.0,2.0
8,2018-11-01,518.0,990.0,41,3468,1934,1707,1049,349,178,4614.0,8290.0,3596.0,3582.0,1968.0,2697.0,90.0,3.0
8,2018-12-01,644.0,1264.0,95,3493,1988,1812,1087,405,208,4633.0,8115.0,3741.0,3561.0,1909.0,2762.0,184.0,9.0
8,2019-01-01,559.0,1586.0,264,4284,2654,2075,1287,564,238,5149.0,9711.0,4055.0,4034.0,2033.0,3019.0,101.0,11.0
8,2019-02-01,581.0,1221.0,502,7257,2768,2135,1263,476,260,5618.0,11384.0,5398.0,5266.0,3179.0,4490.0,184.0,6.0
8,2019-03-01,855.0,1655.0,989,8750,2603,2261,1294,448,213,6958.0,14177.0,6947.0,6572.0,3945.0,4758.0,211.0,0.0
8,2019-04-01,803.0,1464.0,1555,11162,2607,1931,1084,420,383,5321.0,12787.0,5924.0,5444.0,3334.0,3660.0,113.0,9.0
8,2019-05-01,1225.0,2008.0,1170,8743,2619,1930,1072,418,136,5478.0,11836.0,5575.0,5178.0,3003.0,3672.0,63.0,12.0
8,2019-06-01,527.0,1267.0,179,5415,2534,1835,1050,401,158,5657.0,9990.0,4647.0,4206.0,2090.0,3252.0,181.0,24.0
8,2019-07-01,743.0,1327.0,24,4013,2185,1817,1074,375,84,4702.0,8064.0,3625.0,3224.0,1636.0,2952.0,106.0,2.0
8,2019-08-01,579.0,1567.0,371,3634,1584,1491,1025,486,88,4954.0,10293.0,4581.0,4207.0,2435.0,3638.0,261.0,141.0
8,2019-09-01,415.0,1101.0,51,1957,1258,1260,734,282,39,3614.0,6251.0,2420.0,2279.0,1116.0,1871.0,45.0,18.0
8,2019-10-01,373.0,875.0,15,2206,1508,1443,950,407,54,3370.0,6386.0,2583.0,2451.0,1242.0,2249.0,60.0,10.0
8,2019-11-01,487.0,962.0,54,2768,1770,1769,990,360,67,3991.0,7185.0,3114.0,2960.0,1552.0,2361.0,56.0,5.0
8,2019-12-01,427.0,1128.0,122,2998,1730,1633,959,312,73,3674.0,7705.0,3070.0,2976.0,1635.0,2843.0,72.0,4.0
8,2020-01-01,1188.0,1062.0,56,3436,4134,7958,4288,1247,119,3827.0,7205.0,3132.0,3028.0,1614.0,2244.0,41.0,3.0
8,2020-02-01,1437.0,1361.0,104,4754,4877,8825,5092,1496,147,4010.0,7654.0,3407.0,3281.0,1742.0,2820.0,46.0,6.0
8,2020-03-01,1332.0,1060.0,280,7993,4009,7341,4617,1309,185,3746.0,6308.0,2804.0,2652.0,1374.0,1860.0,25.0,6.0
8,2020-04-01,1059.0,464.0,677,8714,4651,6227,3143,840,210,2895.0,14218.0,6736.0,6838.0,5325.0,6197.0,42.0,9.0
8,2020-05-01,1027.0,624.0,566,9529,5307,7493,3597,1118,267,4090.0,9091.0,4543.0,4045.0,2449.0,4141.0,97.0,33.0
8,2020-06-01,1452.0,956.0,1012,12640,6685,8943,5216,1580,344,5658.0,12876.0,5715.0,5376.0,3055.0,4601.0,229.0,48.0
8,2020-07-01,1209.0,801.0,324,10204,6707,9325,4690,1417,320,5964.0,13586.0,6125.0,5667.0,3246.0,5173.0,321.0,101.0
8,2020-08-01,1299.0,1167.0,366,11078,7404,10147,5253,1621,256,6451.0,13460.0,5470.0,5391.0,2662.0,4227.0,133.0,32.0
8,2020-09-01,1023.0,730.0,172,7420,5292,7402,3544,981,126,94365.0,155311.0,59241.0,55779.0,30803.0,61513.0,3807.0,823.0
8,2020-10-01,718.0,565.0,119,5253,4346,6426,3432,1083,70,3305.0,5423.0,2123.0,2311.0,1006.0,2206.0,47.0,3.0
8,2020-11-01,1380.0,1286.0,88,11708,9750,12766,6656,2332,154,5439.0,9996.0,4572.0,4791.0,3037.0,4932.0,130.0,61.0
8,2020-12-01,1308.0,1118.0,405,10983,7869,9646,5534,1526,259,5083.0,10553.0,4724.0,4445.0,2891.0,4997.0,165.0,36.0
8,2021-01-01,1067.0,746.0,220,7603,5588,8276,5273,1646,281,4840.0,8894.0,4030.0,4299.0,2601.0,4253.0,236.0,22.0
8,2021-02-01,1051.0,821.0,194,7630,5850,9184,5647,1592,324,5855.0,12109.0,5574.0,5360.0,3305.0,5993.0,808.0,159.0
8,2021-03-01,1058.0,725.0,576,9665,6300,8925,4647,1435,303,11184.0,25386.0,11430.0,11642.0,5966.0,14070.0,384.0,77.0
8,2021-04-01,917.0,581.0,559,8795,4936,7278,4354,1273,209,5236.0,10648.0,4245.0,4125.0,2241.0,6285.0,523.0,172.0
8,2021-05-01,1134.0,685.0,299,11634,6413,9039,5221,1591,232,5478.0,11459.0,5279.0,5177.0,2983.0,13141.0,615.0,343.0
8,2021-06-01,1231.0,979.0,279,11461,6652,10804,6237,1800,222,6365.0,12342.0,5749.0,5624.0,3077.0,6293.0,592.0,418.0
8,2021-07-01,994.0,506.0,89,8457,6158,9068,5002,1303,194,5657.0,11968.0,5290.0,5774.0,3354.0,7800.0,402.0,87.0
8,2021-08-01,1358.0,797.0,290,14463,9379,11432,5681,1431,212,8253.0,19323.0,8538.0,8751.0,5262.0,9576.0,341.0,72.0
8,2021-09-01,1195.0,752.0,105,8905,6468,9032,5089,1439,175,14340.0,48968.0,14712.0,13492.0,8140.0,12713.0,529.0,130.0
8,2021-10-01,804.0,348.0,34,4711,4900,6536,3154,823,58,4226.0,9062.0,2919.0,2691.0,1364.0,2491.0,68.0,36.0
8,2021-11-01,580.0,317.0,24,4015,3734,6064,3057,879,93,6452.0,10542.0,4479.0,4491.0,2589.0,3328.0,133.0,24.0
8,2021-12-01,694.0,410.0,44,3985,4158,6364,3463,1056,130,5002.0,9752.0,3928.0,3459.0,2083.0,2961.0,156.0,20.0
8,2022-01-01,1238.0,874.0,122,4353,4317,6487,4128,1321,225,5469.0,11337.0,4928.0,4661.0,2980.0,4280.0,105.0,45.0
8,2022-02-01,1236.0,886.0,219,6669,6763,9103,5218,1604,281,7565.0,13803.0,6146.0,6188.0,3541.0,5822.0,530.0,47.0
8,2022-03-01,1761.0,1865.0,385,7081,7676,11025,6538,2175,234,8606.0,19659.0,9200.0,8810.0,4186.0,5581.0,378.0,117.0
8,2022-04-01,1340.0,1200.0,413,6753,6366,9271,5189,1576,193,5267.0,11182.0,4780.0,4448.0,2740.0,3907.0,473.0,216.0
8,2022-05-01,1217.0,907.0,243,6247,7271,11223,7284,2680,242,7464.0,14916.0,6244.0,6278.0,3835.0,5593.0,411.0,236.0
8,2022-06-01,1508.0,1264.0,79,5798,7289,10911,7039,2243,302,5884.0,14391.0,5846.0,5848.0,3553.0,5181.0,281.0,109.0
8,2022-07-01,1209.0,1138.0,79,5181,6227,8520,5051,1439,113,5850.0,11784.0,5300.0,4986.0,2913.0,4144.0,312.0,189.0
8,2022-08-01,994.0,1156.0,72,5365,6184,8632,5577,1736,158,6133.0,12818.0,5083.0,5158.0,2983.0,4786.0,168.0,106.0
8,2022-09-01,944.0,919.0,17,4186,6062,8654,4941,1184,48,4814.0,13598.0,5994.0,5374.0,3492.0,5815.0,478.0,143.0
8,2022-10-01,861.0,623.0,18,3007,4620,6593,3469,859,68,4151.0,8606.0,4057.0,3709.0,1907.0,2764.0,104.0,36.0
8,2022-11-01,1028.0,891.0,114,3871,5489,7732,4448,1261,171,6196.0,12580.0,5567.0,5724.0,3600.0,4810.0,294.0,58.0
8,2022-12-01,1391.0,1234.0,218,3915,5281,7837,4464,1408,237,21309.0,55202.0,21607.0,21838.0,12911.0,19822.0,598.0,110.0
8,2023-01-01,1034.0,636.0,82,4511,5671,7720,4770,1376,241,13029.0,30129.0,13964.0,13481.0,7467.0,13802.0,521.0,200.0
8,2023-02-01,1267.0,978.0,300,6168,6091,8505,5381,1535,212,18620.0,40627.0,17329.0,17801.0,10388.0,15750.0,851.0,152.0
8,2023-03-01,1445.0,1175.0,240,5285,5691,8198,4847,1373,160,11566.0,29957.0,12905.0,12410.0,7301.0,11261.0,400.0,135.0
8,2023-04-01,1229.0,1044.0,399,5240,5627,7515,4609,1260,195,4678.0,10794.0,5297.0,4835.0,2664.0,4322.0,305.0,10.0
8,2023-05-01,1049.0,710.0,288,5049,5607,7533,4673,1222,130,8497.0,29381.0,11154.0,12163.0,7654.0,19065.0,1315.0,193.0
8,2023-06-01,977.0,557.0,74,9177,8326,9518,4979,1327,130,10918.0,23418.0,10885.0,11241.0,7002.0,11062.0,840.0,100.0
8,2023-07-01,941.0,616.0,78,4721,5797,8273,4935,1352,90,3546.0,9340.0,4368.0,4364.0,3054.0,4443.0,165.0,37.0
8,2023-08-01,785.0,503.0,25,3835,5185,7552,4330,1112,59,2414.0,5857.0,2662.0,2693.0,1597.0,3866.0,187.0,38.0
8,2023-09-01,790.0,429.0,8,2752,4297,6223,3619,970,52,2226.0,5427.0,2214.0,2140.0,1220.0,2074.0,63.0,16.0
8,2023-10-01,767.0,591.0,57,2654,3775,5491,3573,1048,63,5326.0,12726.0,5597.0,5444.0,3224.0,5293.0,171.0,32.0
8,2023-11-01,1072.0,745.0,61,2907,4248,6526,3959,1288,168,10266.0,23230.0,10557.0,10730.0,6660.0,12236.0,469.0,184.0
8,2023-12-01,1097.0,543.0,110,2911,4201,6851,4200,1152,202,0.0,0.0,0.0,0.0,0.0,0.0,0.0,0.0
8,2024-01-01,1304.0,892.0,79,3403,4394,7278,4327,1354,243,9897.0,26983.0,11143.0,10504.0,6979.0,10743.0,303.0,59.0
8,2024-02-01,1267.0,798.0,243,4117,5379,8738,5241,1420,156,10631.0,28482.0,13670.0,14177.0,7780.0,12422.0,201.0,60.0
8,2024-03-01,1483.0,829.0,248,4307,5220,7990,5173,1482,128,9753.0,26569.0,11092.0,13961.0,7983.0,12025.0,249.0,46.0
8,2024-04-01,1345.0,676.0,234,4537,5391,7904,5023,1317,190,8656.0,24412.0,10663.0,11854.0,7100.0,12419.0,251.0,47.0
8,2024-05-01,1353.0,814.0,271,4073,5296,7978,5042,1464,165,7631.0,24182.0,10789.0,12525.0,7438.0,13401.0,337.0,87.0
8,2024-06-01,1573.0,1097.0,181,8221,7883,9738,6257,1707,244,11135.0,38900.0,17683.0,18931.0,13474.0,23418.0,1328.0,392.0
8,2024-07-01,1392.0,845.0,138,8202,8010,10585,6340,1710,285,11057.0,28214.0,10360.0,11599.0,6683.0,9650.0,146.0,33.0
8,2024-08-01,1317.0,815.0,107,3339,5322,8664,5452,1470,92,8724.0,23636.0,9694.0,9803.0,5698.0,9039.0,203.0,71.0
8,2024-09-01,1183.0,534.0,31,2758,4924,8091,5684,1866,73,5845.0,16255.0,6848.0,6749.0,4516.0,6550.0,70.0,4.0
8,2024-10-01,1183.0,713.0,29,3247,5592,7732,4781,1488,114,5803.0,15208.0,7158.0,7058.0,5060.0,6771.0,87.0,13.0
8,2024-11-01,1165.0,743.0,165,3407,5333,8680,5469,1598,214,4697.0,12829.0,5923.0,5810.0,3503.0,5602.0,98.0,20.0
8,2024-12-01,1169.0,760.0,208,3470,5018,8325,5253,1640,433,4870.0,12589.0,5590.0,5280.0,3381.0,4863.0,36.0,12.0
8,2025-01-01,1206.0,854.0,113,3277,4978,8063,5268,1604,270,5925.0,13105.0,5760.0,5547.0,3455.0,4646.0,171.0,45.0
8,2025-02-01,1243.0,795.0,226,4538,5187,8820,5634,1610,226,5170.0,12668.0,5887.0,5499.0,3314.0,6277.0,125.0,25.0
8,2025-03-01,1079.0,797.0,302,4678,5002,8507,5692,1726,217,5847.0,15201.0,6426.0,6434.0,4260.0,6207.0,271.0,14.0
8,2025-04-01,1004.0,657.0,402,3758,4570,7665,5198,1676,209,4714.0,14714.0,6073.0,6250.0,3658.0,10447.0,244.0,110.0
8,2025-05-01,999.0,685.0,198,4014,4692,7379,5296,1686,178,6130.0,19864.0,10040.0,9869.0,5077.0,13902.0,556.0,142.0
8,2025-06-01,1185.0,792.0,110,6340,6162,9310,6768,1874,156,5674.0,13209.0,5687.0,5363.0,3419.0,5842.0,686.0,81.0
8,2025-07-01,835.0,723.0,23,3263,4720,7674,5282,1436,93,4313.0,11026.0,4962.0,5121.0,3182.0,4769.0,480.0,50.0
8,2025-08-01,884.0,590.0,21,2551,3933,6487,4276,1254,67,3737.0,10012.0,4322.0,4541.0,2975.0,5129.0,771.0,87.0
8,2025-09-01,622.0,506.0,17,1720,3051,5081,3367,925,61,2844.0,6813.0,3293.0,3130.0,2206.0,3685.0,691.0,7.0
8,2025-10-01,979.0,759.0,51,2435,4047,7093,5035,1384,142,5468.0,10864.0,4143.0,4174.0,2668.0,3902.0,157.0,1.0
8,2025-11-01,1388.0,954.0,158,3381,4541,8518,6420,1833,270,4285.0,16180.0,7230.0,5825.0,3279.0,15434.0,531.0,142.0
8,2025-12-01,1268.0,910.0,269,3656,4840,8654,6733,2086,235,6321.0,15017.0,5588.0,5950.0,3962.0,13788.0,527.0,38.0
8,2026-01-01,859.0,500.0,238,4752,5054,8180,5879,1870,316,3735.0,10709.0,4606.0,4569.0,2862.0,4631.0,60.0,0.0
8,2026-02-01,927.0,496.0,364,4632,5069,8431,6220,1951,304,4039.0,10975.0,5112.0,4959.0,2972.0,4928.0,144.0,58.0
8,2026-03-01,874.0,552.0,214,5099,4595,7721,5697,1690,229,3995.0,11504.0,4718.0,5112.0,2866.0,4668.0,156.0,19.0
8,2026-04-01,885.0,614.0,361,4062,4218,7398,5691,818,145,3216.0,9604.0,4071.0,4313.0,2365.0,3666.0,28.0,6.0
8,2026-05-01,901.0,503.0,70,3497,4645,7815,5532,1598,135,3207.0,9332.0,3925.0,3886.0,1900.0,3223.0,52.0,21.0
8,2026-06-01,722.0,442.0,37,3038,4188,7590,5335,1537,150,3033.0,9146.0,3801.0,3988.0,2440.0,3842.0,38.0,9.0
8,2026-07-01,773.0,481.0,36,2672,4062,6636,4435,1209,102,2825.0,7710.0,3603.0,3698.0,2072.0,3660.0,59.0,13.0
8,2026-08-01,696.0,391.0,32,1958,3225,5743,4078,1043,81,2301.0,6398.0,2958.0,2728.0,1575.0,2820.0,38.0,10.0
9,2014-01-01,13656.0,7614.0,90,8028,7420,10483,6481,2445,117,4958.0,8778.0,4309.0,4565.0,2291.0,16223.0,91.0,0.0
9,2014-02-01,15797.0,8522.0,373,13312,9098,12363,7486,2588,91,4753.0,9041.0,6924.0,7249.0,4951.0,6894.0,222.0,33.0
9,2014-03-01,17241.0,9834.0,613,16737,9041,12168,7131,2240,68,5698.0,11291.0,5354.0,5490.0,2907.0,5095.0,223.0,46.0
9,2014-04-01,17951.0,11282.0,1034,16092,9513,12469,7534,2495,96,5485.0,10913.0,5338.0,5277.0,3078.0,4818.0,246.0,182.0
9,2014-05-01,17000.0,8874.0,295,13378,9686,12735,7467,2254,127,4477.0,8035.0,4152.0,4405.0,2313.0,3940.0,85.0,1.0
9,2014-06-01,19276.0,13381.0,157,14692,10976,14917,8855,2789,51,6876.0,11935.0,6006.0,6348.0,3375.0,6092.0,306.0,9.0
9,2014-07-01,15284.0,10942.0,82,10823,8911,12228,7430,2368,48,6308.0,11250.0,5428.0,5854.0,3318.0,5720.0,71.0,2.0
9,2014-08-01,13987.0,16931.0,179,9351,7950,10525,6446,1967,46,6856.0,12997.0,6100.0,6639.0,3561.0,4945.0,50.0,2.0
9,2014-09-01,15241.0,19993.0,108,9697,8017,11301,6864,2202,37,8681.0,17472.0,7794.0,7750.0,3971.0,5925.0,105.0,53.0
9,2014-10-01,13065.0,9070.0,101,7855,7126,10152,6879,2362,42,5389.0,9131.0,4222.0,4310.0,1918.0,3651.0,98.0,16.0
9,2014-11-01,13331.0,11376.0,104,10179,7825,10564,6627,2121,24,6397.0,12088.0,5746.0,6251.0,2987.0,5346.0,88.0,31.0
9,2014-12-01,11815.0,9769.0,210,9468,6434,8751,5745,1848,44,5724.0,10379.0,5037.0,5562.0,2556.0,4147.0,95.0,7.0
9,2015-01-01,14111.0,9654.0,131,8603,8611,11131,7290,2639,49,5239.0,10927.0,5103.0,5255.0,2767.0,4588.0,179.0,24.0
9,2015-02-01,16853.0,11079.0,473,11561,10086,13350,8293,2826,52,7435.0,13250.0,6296.0,6477.0,3165.0,5737.0,154.0,16.0
9,2015-03-01,15289.0,11380.0,768,13545,9313,11973,7306,2459,30,6352.0,11878.0,5701.0,5907.0,2918.0,5155.0,189.0,3.0
9,2015-04-01,15935.0,11140.0,622,12866,9882,11767,7275,2379,36,5753.0,10832.0,5334.0,5229.0,2654.0,4236.0,101.0,9.0
9,2015-05-01,18253.0,12288.0,318,15757,11031,13663,8591,2684,45,5571.0,11306.0,5750.0,5943.0,2962.0,4899.0,159.0,3.0
9,2015-06-01,18974.0,15050.0,159,15497,11518,14122,8727,2779,36,8503.0,15646.0,7467.0,8064.0,4085.0,7362.0,182.0,5.0
9,2015-07-01,18667.0,18036.0,160,12710,10307,13782,8486,2643,52,8686.0,16470.0,7217.0,7415.0,3547.0,6237.0,205.0,16.0
9,2015-08-01,15035.0,12098.0,82,11134,8849,11328,7110,2345,44,6702.0,11315.0,5595.0,5446.0,2602.0,4841.0,121.0,4.0
9,2015-09-01,15424.0,13351.0,69,10511,8273,11507,7353,2434,21,6560.0,12545.0,5929.0,5807.0,2768.0,4634.0,105.0,6.0
9,2015-10-01,14153.0,9316.0,89,8449,7800,10507,6977,2421,26,6952.0,13231.0,6163.0,6541.0,3504.0,6778.0,212.0,12.0
9,2015-11-01,15983.0,11960.0,137,11655,9146,11822,7767,2490,13,6952.0,13231.0,6163.0,6541.0,3504.0,6778.0,212.0,12.0
9,2015-12-01,12516.0,10422.0,191,9888,7345,9156,6027,1911,22,7123.0,13493.0,6059.0,5889.0,2848.0,4689.0,81.0,0.0
9,2016-01-01,15958.0,9911.0,105,10080,9926,11986,7583,2854,47,6639.0,13139.0,6204.0,6038.0,2882.0,4908.0,160.0,14.0
9,2016-02-01,17047.0,10779.0,191,10449,10345,12760,7962,2982,37,7354.0,14115.0,6365.0,6332.0,3141.0,5547.0,157.0,8.0
9,2016-03-01,18031.0,13846.0,580,12958,10610,12996,8203,2811,38,6464.0,14028.0,6231.0,6210.0,3235.0,5210.0,201.0,9.0
9,2016-04-01,17482.0,12025.0,749,13427,10480,12072,7512,2664,34,6135.0,13189.0,6188.0,6170.0,3411.0,5788.0,197.0,39.0
9,2016-05-01,19244.0,12637.0,287,14221,11347,13668,9022,2938,26,6288.0,12726.0,5822.0,5742.0,2950.0,5181.0,86.0,11.0
9,2016-06-01,4783.0,11626.0,130,8294,3200,2374,1120,325,48,6147.0,11639.0,5166.0,5074.0,2737.0,5683.0,338.0,4.0
9,2016-07-01,2539.0,10764.0,199,5070,1912,1492,631,214,26,5551.0,11082.0,4725.0,4597.0,2496.0,4610.0,43.0,0.0
9,2016-08-01,3103.0,10019.0,326,5550,2070,1562,788,292,30,5631.0,10458.0,4938.0,5078.0,2589.0,4138.0,127.0,17.0
9,2016-09-01,2613.0,10209.0,296,5414,1921,1662,818,233,19,5448.0,10617.0,4353.0,4201.0,1938.0,3396.0,136.0,1.0
9,2016-10-01,1765.0,5652.0,105,2889,1556,1463,726,249,19,3774.0,7320.0,3386.0,3151.0,1601.0,3042.0,302.0,72.0
9,2016-11-01,2787.0,7082.0,80,4921,2464,2151,1187,368,22,5582.0,10815.0,4839.0,4887.0,2316.0,4091.0,191.0,7.0
9,2016-12-01,2858.0,6458.0,114,4356,2218,2089,1014,316,19,4944.0,9407.0,4336.0,4027.0,1987.0,3552.0,47.0,4.0
9,2017-01-01,3557.0,8776.0,122,4455,2992,2456,1204,461,41,5163.0,9841.0,4458.0,4624.0,2379.0,4110.0,69.0,1.0
9,2017-02-01,3779.0,8204.0,251,6207,3801,3060,1661,522,38,5515.0,10728.0,5552.0,5048.0,2463.0,4329.0,249.0,5.0
9,2017-03-01,4487.0,9715.0,520,7976,3485,2694,1418,549,66,6321.0,12715.0,5652.0,5206.0,2728.0,4639.0,212.0,18.0
9,2017-04-01,4647.0,9466.0,639,7921,3107,2479,1231,435,114,5177.0,10933.0,4522.0,5544.0,3316.0,4621.0,66.0,12.0
9,2017-05-01,3856.0,12471.0,278,7785,3167,2398,1265,455,73,6193.0,13139.0,5545.0,5473.0,2802.0,4136.0,57.0,3.0
9,2017-06-01,4245.0,13983.0,153,7974,3170,2303,1233,458,166,6885.0,14245.0,7006.0,6661.0,3890.0,5220.0,83.0,1.0
9,2017-07-01,3826.0,10958.0,198,7915,3387,2405,1315,372,161,6654.0,12158.0,5600.0,5568.0,3186.0,4731.0,83.0,5.0
9,2017-08-01,2836.0,9870.0,29,3530,1967,1849,997,343,472,5997.0,10474.0,4345.0,4291.0,2275.0,3824.0,54.0,17.0
9,2017-09-01,2400.0,10134.0,120,2827,1536,1417,739,239,410,6797.0,9679.0,4304.0,4100.0,1955.0,3380.0,121.0,20.0
9,2017-10-01,2403.0,6059.0,21,2783,1828,1637,979,376,47,4078.0,16291.0,3243.0,3265.0,1620.0,2751.0,62.0,27.0
9,2017-11-01,3170.0,7944.0,61,3512,2146,2123,1288,463,112,5234.0,8970.0,3926.0,4062.0,1968.0,3131.0,72.0,9.0
9,2017-12-01,3025.0,6678.0,93,3842,2150,1934,880,302,279,5149.0,8013.0,3755.0,3544.0,1929.0,2919.0,74.0,6.0
9,2018-01-01,3771.0,7702.0,46,5107,4227,3045,1580,557,256,7091.0,13208.0,6560.0,6878.0,3614.0,6318.0,173.0,7.0
9,2018-02-01,3202.0,8076.0,197,4993,2404,2103,973,388,218,5403.0,10273.0,4731.0,4491.0,2453.0,3704.0,133.0,5.0
9,2018-03-01,3865.0,8629.0,1215,6691,2321,2055,1011,396,172,4972.0,9861.0,4458.0,4375.0,2250.0,3607.0,89.0,14.0
9,2018-04-01,4865.0,8830.0,1493,8507,2147,1809,901,362,229,4692.0,10418.0,4831.0,4425.0,2456.0,3150.0,124.0,0.0
9,2018-05-01,4978.0,10920.0,528,7092,3000,2234,1098,396,204,5959.0,11118.0,4924.0,4871.0,2817.0,3566.0,169.0,4.0
9,2018-06-01,2876.0,7463.0,256,4799,2356,2076,1074,398,188,5094.0,9050.0,4195.0,4034.0,2068.0,2988.0,60.0,7.0
9,2018-07-01,2414.0,6725.0,53,3103,2064,1739,921,284,176,4604.0,7187.0,3343.0,3274.0,1677.0,3236.0,81.0,0.0
9,2018-08-01,2622.0,6643.0,126,3618,2046,1907,1072,326,191,5284.0,8372.0,3941.0,3648.0,1566.0,3147.0,68.0,1.0
9,2018-09-01,3687.0,8665.0,26,3804,2140,1947,1288,432,111,5093.0,9069.0,4198.0,4160.0,2335.0,4118.0,54.0,6.0
9,2018-10-01,2343.0,6062.0,13,2915,1799,1556,962,304,142,4056.0,6597.0,2929.0,2862.0,1460.0,2456.0,67.0,2.0
9,2018-11-01,2413.0,5951.0,41,3468,1934,1707,1049,349,178,4614.0,8290.0,3596.0,3582.0,1968.0,2697.0,90.0,3.0
9,2018-12-01,2676.0,6640.0,95,3493,1988,1812,1087,405,208,4633.0,8115.0,3741.0,3561.0,1909.0,2762.0,184.0,9.0
9,2019-01-01,3377.0,7877.0,264,4284,2654,2075,1287,564,238,5149.0,9711.0,4055.0,4034.0,2033.0,3019.0,101.0,11.0
9,2019-02-01,4155.0,9326.0,502,7257,2768,2135,1263,476,260,5618.0,11384.0,5398.0,5266.0,3179.0,4490.0,184.0,6.0
9,2019-03-01,4427.0,11119.0,989,8750,2603,2261,1294,448,213,6958.0,14177.0,6947.0,6572.0,3945.0,4758.0,211.0,0.0
9,2019-04-01,6672.0,13838.0,1555,11162,2607,1931,1084,420,383,5321.0,12787.0,5924.0,5444.0,3334.0,3660.0,113.0,9.0
9,2019-05-01,4537.0,10588.0,1170,8743,2619,1930,1072,418,136,5478.0,11836.0,5575.0,5178.0,3003.0,3672.0,63.0,12.0
9,2019-06-01,3491.0,8323.0,179,5415,2534,1835,1050,401,158,5657.0,9990.0,4647.0,4206.0,2090.0,3252.0,181.0,24.0
9,2019-07-01,2723.0,8287.0,24,4013,2185,1817,1074,375,84,4702.0,8064.0,3625.0,3224.0,1636.0,2952.0,106.0,2.0
9,2019-08-01,2677.0,10152.0,371,3634,1584,1491,1025,486,88,4954.0,10293.0,4581.0,4207.0,2435.0,3638.0,261.0,141.0
9,2019-09-01,1836.0,6475.0,51,1957,1258,1260,734,282,39,3614.0,6251.0,2420.0,2279.0,1116.0,1871.0,45.0,18.0
9,2019-10-01,2110.0,6248.0,15,2206,1508,1443,950,407,54,3370.0,6386.0,2583.0,2451.0,1242.0,2249.0,60.0,10.0
9,2019-11-01,2810.0,7177.0,54,2768,1770,1769,990,360,67,3991.0,7185.0,3114.0,2960.0,1552.0,2361.0,56.0,5.0
9,2019-12-01,2252.0,6608.0,122,2998,1730,1633,959,312,73,3674.0,7705.0,3070.0,2976.0,1635.0,2843.0,72.0,4.0
9,2020-01-01,7257.0,6982.0,56,3436,4134,7958,4288,1247,119,3827.0,7205.0,3132.0,3028.0,1614.0,2244.0,41.0,3.0
9,2020-02-01,8283.0,7491.0,104,4754,4877,8825,5092,1496,147,4010.0,7654.0,3407.0,3281.0,1742.0,2820.0,46.0,6.0
9,2020-03-01,8627.0,9312.0,280,7993,4009,7341,4617,1309,185,3746.0,6308.0,2804.0,2652.0,1374.0,1860.0,25.0,6.0
9,2020-04-01,5472.0,3711.0,677,8714,4651,6227,3143,840,210,2895.0,14218.0,6736.0,6838.0,5325.0,6197.0,42.0,9.0
9,2020-05-01,7696.0,6183.0,566,9529,5307,7493,3597,1118,267,4090.0,9091.0,4543.0,4045.0,2449.0,4141.0,97.0,33.0
9,2020-06-01,10185.0,9757.0,1012,12640,6685,8943,5216,1580,344,5658.0,12876.0,5715.0,5376.0,3055.0,4601.0,229.0,48.0
9,2020-07-01,9018.0,9071.0,324,10204,6707,9325,4690,1417,320,5964.0,13586.0,6125.0,5667.0,3246.0,5173.0,321.0,101.0
9,2020-08-01,12611.0,11994.0,366,11078,7404,10147,5253,1621,256,6451.0,13460.0,5470.0,5391.0,2662.0,4227.0,133.0,32.0
9,2020-09-01,8980.0,8329.0,172,7420,5292,7402,3544,981,126,94365.0,155311.0,59241.0,55779.0,30803.0,61513.0,3807.0,823.0
9,2020-10-01,7950.0,7227.0,119,5253,4346,6426,3432,1083,70,3305.0,5423.0,2123.0,2311.0,1006.0,2206.0,47.0,3.0
9,2020-11-01,20646.0,20216.0,88,11708,9750,12766,6656,2332,154,5439.0,9996.0,4572.0,4791.0,3037.0,4932.0,130.0,61.0
9,2020-12-01,16428.0,15725.0,405,10983,7869,9646,5534,1526,259,5083.0,10553.0,4724.0,4445.0,2891.0,4997.0,165.0,36.0
9,2021-01-01,11998.0,11772.0,220,7603,5588,8276,5273,1646,281,4840.0,8894.0,4030.0,4299.0,2601.0,4253.0,236.0,22.0
9,2021-02-01,13678.0,12888.0,194,7630,5850,9184,5647,1592,324,5855.0,12109.0,5574.0,5360.0,3305.0,5993.0,808.0,159.0
9,2021-03-01,12082.0,10741.0,576,9665,6300,8925,4647,1435,303,11184.0,25386.0,11430.0,11642.0,5966.0,14070.0,384.0,77.0
9,2021-04-01,9380.0,7926.0,559,8795,4936,7278,4354,1273,209,5236.0,10648.0,4245.0,4125.0,2241.0,6285.0,523.0,172.0
9,2021-05-01,12475.0,10751.0,299,11634,6413,9039,5221,1591,232,5478.0,11459.0,5279.0,5177.0,2983.0,13141.0,615.0,343.0
9,2021-06-01,14427.0,13009.0,279,11461,6652,10804,6237,1800,222,6365.0,12342.0,5749.0,5624.0,3077.0,6293.0,592.0,418.0
9,2021-07-01,11027.0,10337.0,89,8457,6158,9068,5002,1303,194,5657.0,11968.0,5290.0,5774.0,3354.0,7800.0,402.0,87.0
9,2021-08-01,13338.0,11477.0,290,14463,9379,11432,5681,1431,212,8253.0,19323.0,8538.0,8751.0,5262.0,9576.0,341.0,72.0
9,2021-09-01,11883.0,11348.0,105,8905,6468,9032,5089,1439,175,14340.0,48968.0,14712.0,13492.0,8140.0,12713.0,529.0,130.0
9,2021-10-01,5894.0,4804.0,34,4711,4900,6536,3154,823,58,4226.0,9062.0,2919.0,2691.0,1364.0,2491.0,68.0,36.0
9,2021-11-01,7475.0,7156.0,24,4015,3734,6064,3057,879,93,6452.0,10542.0,4479.0,4491.0,2589.0,3328.0,133.0,24.0
9,2021-12-01,8053.0,7572.0,44,3985,4158,6364,3463,1056,130,5002.0,9752.0,3928.0,3459.0,2083.0,2961.0,156.0,20.0
9,2022-01-01,8260.0,7328.0,122,4353,4317,6487,4128,1321,225,5469.0,11337.0,4928.0,4661.0,2980.0,4280.0,105.0,45.0
9,2022-02-01,11251.0,11985.0,219,6669,6763,9103,5218,1604,281,7565.0,13803.0,6146.0,6188.0,3541.0,5822.0,530.0,47.0
9,2022-03-01,14091.0,12376.0,385,7081,7676,11025,6538,2175,234,8606.0,19659.0,9200.0,8810.0,4186.0,5581.0,378.0,117.0
9,2022-04-01,10420.0,10644.0,413,6753,6366,9271,5189,1576,193,5267.0,11182.0,4780.0,4448.0,2740.0,3907.0,473.0,216.0
9,2022-05-01,13109.0,13295.0,243,6247,7271,11223,7284,2680,242,7464.0,14916.0,6244.0,6278.0,3835.0,5593.0,411.0,236.0
9,2022-06-01,11446.0,12293.0,79,5798,7289,10911,7039,2243,302,5884.0,14391.0,5846.0,5848.0,3553.0,5181.0,281.0,109.0
9,2022-07-01,9459.0,9942.0,79,5181,6227,8520,5051,1439,113,5850.0,11784.0,5300.0,4986.0,2913.0,4144.0,312.0,189.0
9,2022-08-01,10717.0,10905.0,72,5365,6184,8632,5577,1736,158,6133.0,12818.0,5083.0,5158.0,2983.0,4786.0,168.0,106.0
9,2022-09-01,10398.0,11836.0,17,4186,6062,8654,4941,1184,48,4814.0,13598.0,5994.0,5374.0,3492.0,5815.0,478.0,143.0
9,2022-10-01,6540.0,6409.0,18,3007,4620,6593,3469,859,68,4151.0,8606.0,4057.0,3709.0,1907.0,2764.0,104.0,36.0
9,2022-11-01,8536.0,8728.0,114,3871,5489,7732,4448,1261,171,6196.0,12580.0,5567.0,5724.0,3600.0,4810.0,294.0,58.0
9,2022-12-01,8648.0,8493.0,218,3915,5281,7837,4464,1408,237,21309.0,55202.0,21607.0,21838.0,12911.0,19822.0,598.0,110.0
9,2023-01-01,8713.0,8167.0,82,4511,5671,7720,4770,1376,241,13029.0,30129.0,13964.0,13481.0,7467.0,13802.0,521.0,200.0
9,2023-02-01,9207.0,8273.0,300,6168,6091,8505,5381,1535,212,18620.0,40627.0,17329.0,17801.0,10388.0,15750.0,851.0,152.0
9,2023-03-01,8563.0,8707.0,240,5285,5691,8198,4847,1373,160,11566.0,29957.0,12905.0,12410.0,7301.0,11261.0,400.0,135.0
9,2023-04-01,8718.0,7692.0,399,5240,5627,7515,4609,1260,195,4678.0,10794.0,5297.0,4835.0,2664.0,4322.0,305.0,10.0
9,2023-05-01,8306.0,7390.0,288,5049,5607,7533,4673,1222,130,8497.0,29381.0,11154.0,12163.0,7654.0,19065.0,1315.0,193.0
9,2023-06-01,8037.0,7030.0,74,9177,8326,9518,4979,1327,130,10918.0,23418.0,10885.0,11241.0,7002.0,11062.0,840.0,100.0
9,2023-07-01,7587.0,6823.0,78,4721,5797,8273,4935,1352,90,3546.0,9340.0,4368.0,4364.0,3054.0,4443.0,165.0,37.0
9,2023-08-01,7209.0,6261.0,25,3835,5185,7552,4330,1112,59,2414.0,5857.0,2662.0,2693.0,1597.0,3866.0,187.0,38.0
9,2023-09-01,5288.0,4806.0,8,2752,4297,6223,3619,970,52,2226.0,5427.0,2214.0,2140.0,1220.0,2074.0,63.0,16.0
9,2023-10-01,6075.0,5240.0,57,2654,3775,5491,3573,1048,63,5326.0,12726.0,5597.0,5444.0,3224.0,5293.0,171.0,32.0
9,2023-11-01,6821.0,5832.0,61,2907,4248,6526,3959,1288,168,10266.0,23230.0,10557.0,10730.0,6660.0,12236.0,469.0,184.0
9,2023-12-01,6556.0,5696.0,110,2911,4201,6851,4200,1152,202,0.0,0.0,0.0,0.0,0.0,0.0,0.0,0.0
9,2024-01-01,7294.0,6576.0,79,3403,4394,7278,4327,1354,243,9897.0,26983.0,11143.0,10504.0,6979.0,10743.0,303.0,59.0
9,2024-02-01,8950.0,7472.0,243,4117,5379,8738,5241,1420,156,10631.0,28482.0,13670.0,14177.0,7780.0,12422.0,201.0,60.0
9,2024-03-01,8009.0,6749.0,248,4307,5220,7990,5173,1482,128,9753.0,26569.0,11092.0,13961.0,7983.0,12025.0,249.0,46.0
9,2024-04-01,7838.0,6696.0,234,4537,5391,7904,5023,1317,190,8656.0,24412.0,10663.0,11854.0,7100.0,12419.0,251.0,47.0
9,2024-05-01,8267.0,7160.0,271,4073,5296,7978,5042,1464,165,7631.0,24182.0,10789.0,12525.0,7438.0,13401.0,337.0,87.0
9,2024-06-01,10012.0,8297.0,181,8221,7883,9738,6257,1707,244,11135.0,38900.0,17683.0,18931.0,13474.0,23418.0,1328.0,392.0
9,2024-07-01,10805.0,9101.0,138,8202,8010,10585,6340,1710,285,11057.0,28214.0,10360.0,11599.0,6683.0,9650.0,146.0,33.0
9,2024-08-01,8684.0,7444.0,107,3339,5322,8664,5452,1470,92,8724.0,23636.0,9694.0,9803.0,5698.0,9039.0,203.0,71.0
9,2024-09-01,8745.0,6469.0,31,2758,4924,8091,5684,1866,73,5845.0,16255.0,6848.0,6749.0,4516.0,6550.0,70.0,4.0
9,2024-10-01,7256.0,6004.0,29,3247,5592,7732,4781,1488,114,5803.0,15208.0,7158.0,7058.0,5060.0,6771.0,87.0,13.0
9,2024-11-01,8311.0,6733.0,165,3407,5333,8680,5469,1598,214,4697.0,12829.0,5923.0,5810.0,3503.0,5602.0,98.0,20.0
9,2024-12-01,8869.0,6875.0,208,3470,5018,8325,5253,1640,433,4870.0,12589.0,5590.0,5280.0,3381.0,4863.0,36.0,12.0
9,2025-01-01,8300.0,6741.0,113,3277,4978,8063,5268,1604,270,5925.0,13105.0,5760.0,5547.0,3455.0,4646.0,171.0,45.0
9,2025-02-01,9222.0,7378.0,226,4538,5187,8820,5634,1610,226,5170.0,12668.0,5887.0,5499.0,3314.0,6277.0,125.0,25.0
9,2025-03-01,9171.0,7417.0,302,4678,5002,8507,5692,1726,217,5847.0,15201.0,6426.0,6434.0,4260.0,6207.0,271.0,14.0
9,2025-04-01,8507.0,7439.0,402,3758,4570,7665,5198,1676,209,4714.0,14714.0,6073.0,6250.0,3658.0,10447.0,244.0,110.0
9,2025-05-01,8236.0,6943.0,198,4014,4692,7379,5296,1686,178,6130.0,19864.0,10040.0,9869.0,5077.0,13902.0,556.0,142.0
9,2025-06-01,9675.0,8584.0,110,6340,6162,9310,6768,1874,156,5674.0,13209.0,5687.0,5363.0,3419.0,5842.0,686.0,81.0
9,2025-07-01,7919.0,6671.0,23,3263,4720,7674,5282,1436,93,4313.0,11026.0,4962.0,5121.0,3182.0,4769.0,480.0,50.0
9,2025-08-01,6522.0,5510.0,21,2551,3933,6487,4276,1254,67,3737.0,10012.0,4322.0,4541.0,2975.0,5129.0,771.0,87.0
9,2025-09-01,4629.0,3590.0,17,1720,3051,5081,3367,925,61,2844.0,6813.0,3293.0,3130.0,2206.0,3685.0,691.0,7.0
9,2025-10-01,7343.0,6311.0,51,2435,4047,7093,5035,1384,142,5468.0,10864.0,4143.0,4174.0,2668.0,3902.0,157.0,1.0
9,2025-11-01,9112.0,7311.0,158,3381,4541,8518,6420,1833,270,4285.0,16180.0,7230.0,5825.0,3279.0,15434.0,531.0,142.0
9,2025-12-01,10349.0,8569.0,269,3656,4840,8654,6733,2086,235,6321.0,15017.0,5588.0,5950.0,3962.0,13788.0,527.0,38.0
9,2026-01-01,8679.0,7032.0,238,4752,5054,8180,5879,1870,316,3735.0,10709.0,4606.0,4569.0,2862.0,4631.0,60.0,0.0
9,2026-02-01,9284.0,7755.0,364,4632,5069,8431,6220,1951,304,4039.0,10975.0,5112.0,4959.0,2972.0,4928.0,144.0,58.0
9,2026-03-01,9497.0,7946.0,214,5099,4595,7721,5697,1690,229,3995.0,11504.0,4718.0,5112.0,2866.0,4668.0,156.0,19.0
9,2026-04-01,8989.0,7396.0,361,4062,4218,7398,5691,818,145,3216.0,9604.0,4071.0,4313.0,2365.0,3666.0,28.0,6.0
9,2026-05-01,8500.0,7335.0,70,3497,4645,7815,5532,1598,135,3207.0,9332.0,3925.0,3886.0,1900.0,3223.0,52.0,21.0
9,2026-06-01,8218.0,6885.0,37,3038,4188,7590,5335,1537,150,3033.0,9146.0,3801.0,3988.0,2440.0,3842.0,38.0,9.0
9,2026-07-01,6763.0,5757.0,36,2672,4062,6636,4435,1209,102,2825.0,7710.0,3603.0,3698.0,2072.0,3660.0,59.0,13.0
9,2026-08-01,5797.0,4363.0,32,1958,3225,5743,4078,1043,81,2301.0,6398.0,2958.0,2728.0,1575.0,2820.0,38.0,10.0
T,2014-01-01,2.0,4.0,90,8028,7420,10483,6481,2445,117,4958.0,8778.0,4309.0,4565.0,2291.0,16223.0,91.0,0.0
T,2014-02-01,49.0,5.0,373,13312,9098,12363,7486,2588,91,4753.0,9041.0,6924.0,7249.0,4951.0,6894.0,222.0,33.0
T,2014-03-01,59.0,5.0,613,16737,9041,12168,7131,2240,68,5698.0,11291.0,5354.0,5490.0,2907.0,5095.0,223.0,46.0
T,2014-04-01,70.0,81.0,1034,16092,9513,12469,7534,2495,96,5485.0,10913.0,5338.0,5277.0,3078.0,4818.0,246.0,182.0
T,2014-05-01,37.0,1.0,295,13378,9686,12735,7467,2254,127,4477.0,8035.0,4152.0,4405.0,2313.0,3940.0,85.0,1.0
T,2014-06-01,12.0,3.0,157,14692,10976,14917,8855,2789,51,6876.0,11935.0,6006.0,6348.0,3375.0,6092.0,306.0,9.0
T,2014-07-01,1.0,5.0,82,10823,8911,12228,7430,2368,48,6308.0,11250.0,5428.0,5854.0,3318.0,5720.0,71.0,2.0
T,2014-08-01,0.0,0.0,179,9351,7950,10525,6446,1967,46,6856.0,12997.0,6100.0,6639.0,3561.0,4945.0,50.0,2.0
T,2014-09-01,3.0,20.0,108,9697,8017,11301,6864,2202,37,8681.0,17472.0,7794.0,7750.0,3971.0,5925.0,105.0,53.0
T,2014-10-01,2.0,1.0,101,7855,7126,10152,6879,2362,42,5389.0,9131.0,4222.0,4310.0,1918.0,3651.0,98.0,16.0
T,2014-11-01,2.0,1.0,104,10179,7825,10564,6627,2121,24,6397.0,12088.0,5746.0,6251.0,2987.0,5346.0,88.0,31.0
T,2014-12-01,105.0,31.0,210,9468,6434,8751,5745,1848,44,5724.0,10379.0,5037.0,5562.0,2556.0,4147.0,95.0,7.0
T,2015-01-01,22.0,19.0,131,8603,8611,11131,7290,2639,49,5239.0,10927.0,5103.0,5255.0,2767.0,4588.0,179.0,24.0
T,2015-02-01,61.0,13.0,473,11561,10086,13350,8293,2826,52,7435.0,13250.0,6296.0,6477.0,3165.0,5737.0,154.0,16.0
T,2015-03-01,50.0,17.0,768,13545,9313,11973,7306,2459,30,6352.0,11878.0,5701.0,5907.0,2918.0,5155.0,189.0,3.0
T,2015-04-01,114.0,36.0,622,12866,9882,11767,7275,2379,36,5753.0,10832.0,5334.0,5229.0,2654.0,4236.0,101.0,9.0
T,2015-05-01,91.0,27.0,318,15757,11031,13663,8591,2684,45,5571.0,11306.0,5750.0,5943.0,2962.0,4899.0,159.0,3.0
T,2015-06-01,76.0,20.0,159,15497,11518,14122,8727,2779,36,8503.0,15646.0,7467.0,8064.0,4085.0,7362.0,182.0,5.0
T,2015-07-01,2.0,29.0,160,12710,10307,13782,8486,2643,52,8686.0,16470.0,7217.0,7415.0,3547.0,6237.0,205.0,16.0
T,2015-08-01,1.0,1.0,82,11134,8849,11328,7110,2345,44,6702.0,11315.0,5595.0,5446.0,2602.0,4841.0,121.0,4.0
T,2015-09-01,1.0,20.0,69,10511,8273,11507,7353,2434,21,6560.0,12545.0,5929.0,5807.0,2768.0,4634.0,105.0,6.0
T,2015-10-01,1.0,5.0,89,8449,7800,10507,6977,2421,26,6952.0,13231.0,6163.0,6541.0,3504.0,6778.0,212.0,12.0
T,2015-11-01,13.0,22.0,137,11655,9146,11822,7767,2490,13,6952.0,13231.0,6163.0,6541.0,3504.0,6778.0,212.0,12.0
T,2015-12-01,13.0,15.0,191,9888,7345,9156,6027,1911,22,7123.0,13493.0,6059.0,5889.0,2848.0,4689.0,81.0,0.0
T,2016-01-01,35.0,7.0,105,10080,9926,11986,7583,2854,47,6639.0,13139.0,6204.0,6038.0,2882.0,4908.0,160.0,14.0
T,2016-02-01,88.0,11.0,191,10449,10345,12760,7962,2982,37,7354.0,14115.0,6365.0,6332.0,3141.0,5547.0,157.0,8.0
T,2016-03-01,5.0,3.0,580,12958,10610,12996,8203,2811,38,6464.0,14028.0,6231.0,6210.0,3235.0,5210.0,201.0,9.0
T,2016-04-01,36.0,18.0,749,13427,10480,12072,7512,2664,34,6135.0,13189.0,6188.0,6170.0,3411.0,5788.0,197.0,39.0
T,2016-05-01,109.0,2.0,287,14221,11347,13668,9022,2938,26,6288.0,12726.0,5822.0,5742.0,2950.0,5181.0,86.0,11.0
T,2016-06-01,16.0,75.0,130,8294,3200,2374,1120,325,48,6147.0,11639.0,5166.0,5074.0,2737.0,5683.0,338.0,4.0
T,2016-07-01,1.0,0.0,199,5070,1912,1492,631,214,26,5551.0,11082.0,4725.0,4597.0,2496.0,4610.0,43.0,0.0
T,2016-08-01,1.0,3.0,326,5550,2070,1562,788,292,30,5631.0,10458.0,4938.0,5078.0,2589.0,4138.0,127.0,17.0
T,2016-09-01,13.0,1.0,296,5414,1921,1662,818,233,19,5448.0,10617.0,4353.0,4201.0,1938.0,3396.0,136.0,1.0
T,2016-10-01,0.0,0.0,105,2889,1556,1463,726,249,19,3774.0,7320.0,3386.0,3151.0,1601.0,3042.0,302.0,72.0
T,2016-11-01,3.0,1.0,80,4921,2464,2151,1187,368,22,5582.0,10815.0,4839.0,4887.0,2316.0,4091.0,191.0,7.0
T,2016-12-01,51.0,4.0,114,4356,2218,2089,1014,316,19,4944.0,9407.0,4336.0,4027.0,1987.0,3552.0,47.0,4.0
T,2017-01-01,35.0,5.0,122,4455,2992,2456,1204,461,41,5163.0,9841.0,4458.0,4624.0,2379.0,4110.0,69.0,1.0
T,2017-02-01,156.0,10.0,251,6207,3801,3060,1661,522,38,5515.0,10728.0,5552.0,5048.0,2463.0,4329.0,249.0,5.0
T,2017-03-01,54.0,9.0,520,7976,3485,2694,1418,549,66,6321.0,12715.0,5652.0,5206.0,2728.0,4639.0,212.0,18.0
T,2017-04-01,5.0,15.0,639,7921,3107,2479,1231,435,114,5177.0,10933.0,4522.0,5544.0,3316.0,4621.0,66.0,12.0
T,2017-05-01,13.0,6.0,278,7785,3167,2398,1265,455,73,6193.0,13139.0,5545.0,5473.0,2802.0,4136.0,57.0,3.0
T,2017-06-01,2.0,4.0,153,7974,3170,2303,1233,458,166,6885.0,14245.0,7006.0,6661.0,3890.0,5220.0,83.0,1.0
T,2017-07-01,2.0,2.0,198,7915,3387,2405,1315,372,161,6654.0,12158.0,5600.0,5568.0,3186.0,4731.0,83.0,5.0
T,2017-08-01,0.0,14.0,29,3530,1967,1849,997,343,472,5997.0,10474.0,4345.0,4291.0,2275.0,3824.0,54.0,17.0
T,2017-09-01,0.0,1.0,120,2827,1536,1417,739,239,410,6797.0,9679.0,4304.0,4100.0,1955.0,3380.0,121.0,20.0
T,2017-10-01,0.0,0.0,21,2783,1828,1637,979,376,47,4078.0,16291.0,3243.0,3265.0,1620.0,2751.0,62.0,27.0
T,2017-11-01,0.0,1.0,61,3512,2146,2123,1288,463,112,5234.0,8970.0,3926.0,4062.0,1968.0,3131.0,72.0,9.0
T,2017-12-01,0.0,0.0,93,3842,2150,1934,880,302,279,5149.0,8013.0,3755.0,3544.0,1929.0,2919.0,74.0,6.0
T,2018-01-01,49.0,40.0,46,5107,4227,3045,1580,557,256,7091.0,13208.0,6560.0,6878.0,3614.0,6318.0,173.0,7.0
T,2018-02-01,29.0,20.0,197,4993,2404,2103,973,388,218,5403.0,10273.0,4731.0,4491.0,2453.0,3704.0,133.0,5.0
T,2018-03-01,98.0,92.0,1215,6691,2321,2055,1011,396,172,4972.0,9861.0,4458.0,4375.0,2250.0,3607.0,89.0,14.0
T,2018-04-01,62.0,77.0,1493,8507,2147,1809,901,362,229,4692.0,10418.0,4831.0,4425.0,2456.0,3150.0,124.0,0.0
T,2018-05-01,150.0,81.0,528,7092,3000,2234,1098,396,204,5959.0,11118.0,4924.0,4871.0,2817.0,3566.0,169.0,4.0
T,2018-06-01,0.0,0.0,256,4799,2356,2076,1074,398,188,5094.0,9050.0,4195.0,4034.0,2068.0,2988.0,60.0,7.0
T,2018-07-01,0.0,0.0,53,3103,2064,1739,921,284,176,4604.0,7187.0,3343.0,3274.0,1677.0,3236.0,81.0,0.0
T,2018-08-01,0.0,0.0,126,3618,2046,1907,1072,326,191,5284.0,8372.0,3941.0,3648.0,1566.0,3147.0,68.0,1.0
T,2018-09-01,0.0,2.0,26,3804,2140,1947,1288,432,111,5093.0,9069.0,4198.0,4160.0,2335.0,4118.0,54.0,6.0
T,2018-10-01,1.0,0.0,13,2915,1799,1556,962,304,142,4056.0,6597.0,2929.0,2862.0,1460.0,2456.0,67.0,2.0
T,2018-11-01,0.0,2.0,41,3468,1934,1707,1049,349,178,4614.0,8290.0,3596.0,3582.0,1968.0,2697.0,90.0,3.0
T,2018-12-01,14.0,15.0,95,3493,1988,1812,1087,405,208,4633.0,8115.0,3741.0,3561.0,1909.0,2762.0,184.0,9.0
T,2019-01-01,22.0,22.0,264,4284,2654,2075,1287,564,238,5149.0,9711.0,4055.0,4034.0,2033.0,3019.0,101.0,11.0
T,2019-02-01,193.0,197.0,502,7257,2768,2135,1263,476,260,5618.0,11384.0,5398.0,5266.0,3179.0,4490.0,184.0,6.0
T,2019-03-01,477.0,504.0,989,8750,2603,2261,1294,448,213,6958.0,14177.0,6947.0,6572.0,3945.0,4758.0,211.0,0.0
T,2019-04-01,47.0,51.0,1555,11162,2607,1931,1084,420,383,5321.0,12787.0,5924.0,5444.0,3334.0,3660.0,113.0,9.0
T,2019-05-01,132.0,79.0,1170,8743,2619,1930,1072,418,136,5478.0,11836.0,5575.0,5178.0,3003.0,3672.0,63.0,12.0
T,2019-06-01,14.0,14.0,179,5415,2534,1835,1050,401,158,5657.0,9990.0,4647.0,4206.0,2090.0,3252.0,181.0,24.0
T,2019-07-01,1.0,6.0,24,4013,2185,1817,1074,375,84,4702.0,8064.0,3625.0,3224.0,1636.0,2952.0,106.0,2.0
T,2019-08-01,54.0,64.0,371,3634,1584,1491,1025,486,88,4954.0,10293.0,4581.0,4207.0,2435.0,3638.0,261.0,141.0
T,2019-09-01,0.0,0.0,51,1957,1258,1260,734,282,39,3614.0,6251.0,2420.0,2279.0,1116.0,1871.0,45.0,18.0
T,2019-10-01,0.0,0.0,15,2206,1508,1443,950,407,54,3370.0,6386.0,2583.0,2451.0,1242.0,2249.0,60.0,10.0
T,2019-11-01,0.0,0.0,54,2768,1770,1769,990,360,67,3991.0,7185.0,3114.0,2960.0,1552.0,2361.0,56.0,5.0
T,2019-12-01,0.0,1.0,122,2998,1730,1633,959,312,73,3674.0,7705.0,3070.0,2976.0,1635.0,2843.0,72.0,4.0
T,2020-01-01,2.0,1.0,56,3436,4134,7958,4288,1247,119,3827.0,7205.0,3132.0,3028.0,1614.0,2244.0,41.0,3.0
T,2020-02-01,1.0,0.0,104,4754,4877,8825,5092,1496,147,4010.0,7654.0,3407.0,3281.0,1742.0,2820.0,46.0,6.0
T,2020-03-01,5.0,1.0,280,7993,4009,7341,4617,1309,185,3746.0,6308.0,2804.0,2652.0,1374.0,1860.0,25.0,6.0
T,2020-04-01,1.0,0.0,677,8714,4651,6227,3143,840,210,2895.0,14218.0,6736.0,6838.0,5325.0,6197.0,42.0,9.0
T,2020-05-01,14.0,3.0,566,9529,5307,7493,3597,1118,267,4090.0,9091.0,4543.0,4045.0,2449.0,4141.0,97.0,33.0
T,2020-06-01,9.0,2.0,1012,12640,6685,8943,5216,1580,344,5658.0,12876.0,5715.0,5376.0,3055.0,4601.0,229.0,48.0
T,2020-07-01,0.0,0.0,324,10204,6707,9325,4690,1417,320,5964.0,13586.0,6125.0,5667.0,3246.0,5173.0,321.0,101.0
T,2020-08-01,5.0,12.0,366,11078,7404,10147,5253,1621,256,6451.0,13460.0,5470.0,5391.0,2662.0,4227.0,133.0,32.0
T,2020-09-01,0.0,0.0,172,7420,5292,7402,3544,981,126,94365.0,155311.0,59241.0,55779.0,30803.0,61513.0,3807.0,823.0
T,2020-10-01,1.0,0.0,119,5253,4346,6426,3432,1083,70,3305.0,5423.0,2123.0,2311.0,1006.0,2206.0,47.0,3.0
T,2020-11-01,2.0,0.0,88,11708,9750,12766,6656,2332,154,5439.0,9996.0,4572.0,4791.0,3037.0,4932.0,130.0,61.0
T,2020-12-01,0.0,0.0,405,10983,7869,9646,5534,1526,259,5083.0,10553.0,4724.0,4445.0,2891.0,4997.0,165.0,36.0
T,2021-01-01,0.0,0.0,220,7603,5588,8276,5273,1646,281,4840.0,8894.0,4030.0,4299.0,2601.0,4253.0,236.0,22.0
T,2021-02-01,0.0,0.0,194,7630,5850,9184,5647,1592,324,5855.0,12109.0,5574.0,5360.0,3305.0,5993.0,808.0,159.0
T,2021-03-01,0.0,0.0,576,9665,6300,8925,4647,1435,303,11184.0,25386.0,11430.0,11642.0,5966.0,14070.0,384.0,77.0
T,2021-04-01,0.0,0.0,559,8795,4936,7278,4354,1273,209,5236.0,10648.0,4245.0,4125.0,2241.0,6285.0,523.0,172.0
T,2021-05-01,0.0,0.0,299,11634,6413,9039,5221,1591,232,5478.0,11459.0,5279.0,5177.0,2983.0,13141.0,615.0,343.0
T,2021-06-01,0.0,0.0,279,11461,6652,10804,6237,1800,222,6365.0,12342.0,5749.0,5624.0,3077.0,6293.0,592.0,418.0
T,2021-07-01,1.0,0.0,89,8457,6158,9068,5002,1303,194,5657.0,11968.0,5290.0,5774.0,3354.0,7800.0,402.0,87.0
T,2021-08-01,1.0,0.0,290,14463,9379,11432,5681,1431,212,8253.0,19323.0,8538.0,8751.0,5262.0,9576.0,341.0,72.0
T,2021-09-01,0.0,0.0,105,8905,6468,9032,5089,1439,175,14340.0,48968.0,14712.0,13492.0,8140.0,12713.0,529.0,130.0
T,2021-10-01,0.0,0.0,34,4711,4900,6536,3154,823,58,4226.0,9062.0,2919.0,2691.0,1364.0,2491.0,68.0,36.0
T,2021-11-01,0.0,0.0,24,4015,3734,6064,3057,879,93,6452.0,10542.0,4479.0,4491.0,2589.0,3328.0,133.0,24.0
T,2021-12-01,0.0,0.0,44,3985,4158,6364,3463,1056,130,5002.0,9752.0,3928.0,3459.0,2083.0,2961.0,156.0,20.0
T,2022-01-01,0.0,0.0,122,4353,4317,6487,4128,1321,225,5469.0,11337.0,4928.0,4661.0,2980.0,4280.0,105.0,45.0
T,2022-02-01,0.0,0.0,219,6669,6763,9103,5218,1604,281,7565.0,13803.0,6146.0,6188.0,3541.0,5822.0,530.0,47.0
T,2022-03-01,0.0,0.0,385,7081,7676,11025,6538,2175,234,8606.0,19659.0,9200.0,8810.0,4186.0,5581.0,378.0,117.0
T,2022-04-01,0.0,0.0,413,6753,6366,9271,5189,1576,193,5267.0,11182.0,4780.0,4448.0,2740.0,3907.0,473.0,216.0
T,2022-05-01,0.0,0.0,243,6247,7271,11223,7284,2680,242,7464.0,14916.0,6244.0,6278.0,3835.0,5593.0,411.0,236.0
T,2022-06-01,0.0,0.0,79,5798,7289,10911,7039,2243,302,5884.0,14391.0,5846.0,5848.0,3553.0,5181.0,281.0,109.0
T,2022-07-01,0.0,0.0,79,5181,6227,8520,5051,1439,113,5850.0,11784.0,5300.0,4986.0,2913.0,4144.0,312.0,189.0
T,2022-08-01,0.0,0.0,72,5365,6184,8632,5577,1736,158,6133.0,12818.0,5083.0,5158.0,2983.0,4786.0,168.0,106.0
T,2022-09-01,0.0,0.0,17,4186,6062,8654,4941,1184,48,4814.0,13598.0,5994.0,5374.0,3492.0,5815.0,478.0,143.0
T,2022-10-01,0.0,0.0,18,3007,4620,6593,3469,859,68,4151.0,8606.0,4057.0,3709.0,1907.0,2764.0,104.0,36.0
T,2022-11-01,0.0,0.0,114,3871,5489,7732,4448,1261,171,6196.0,12580.0,5567.0,5724.0,3600.0,4810.0,294.0,58.0
T,2022-12-01,0.0,0.0,218,3915,5281,7837,4464,1408,237,21309.0,55202.0,21607.0,21838.0,12911.0,19822.0,598.0,110.0
T,2023-01-01,0.0,0.0,82,4511,5671,7720,4770,1376,241,13029.0,30129.0,13964.0,13481.0,7467.0,13802.0,521.0,200.0
T,2023-02-01,0.0,0.0,300,6168,6091,8505,5381,1535,212,18620.0,40627.0,17329.0,17801.0,10388.0,15750.0,851.0,152.0
T,2023-03-01,0.0,0.0,240,5285,5691,8198,4847,1373,160,11566.0,29957.0,12905.0,12410.0,7301.0,11261.0,400.0,135.0
T,2023-04-01,0.0,0.0,399,5240,5627,7515,4609,1260,195,4678.0,10794.0,5297.0,4835.0,2664.0,4322.0,305.0,10.0
T,2023-05-01,0.0,0.0,288,5049,5607,7533,4673,1222,130,8497.0,29381.0,11154.0,12163.0,7654.0,19065.0,1315.0,193.0
T,2023-06-01,0.0,0.0,74,9177,8326,9518,4979,1327,130,10918.0,23418.0,10885.0,11241.0,7002.0,11062.0,840.0,100.0
T,2023-07-01,0.0,0.0,78,4721,5797,8273,4935,1352,90,3546.0,9340.0,4368.0,4364.0,3054.0,4443.0,165.0,37.0
T,2023-08-01,0.0,0.0,25,3835,5185,7552,4330,1112,59,2414.0,5857.0,2662.0,2693.0,1597.0,3866.0,187.0,38.0
T,2023-09-01,0.0,0.0,8,2752,4297,6223,3619,970,52,2226.0,5427.0,2214.0,2140.0,1220.0,2074.0,63.0,16.0
T,2023-10-01,0.0,0.0,57,2654,3775,5491,3573,1048,63,5326.0,12726.0,5597.0,5444.0,3224.0,5293.0,171.0,32.0
T,2023-11-01,0.0,0.0,61,2907,4248,6526,3959,1288,168,10266.0,23230.0,10557.0,10730.0,6660.0,12236.0,469.0,184.0
T,2023-12-01,0.0,0.0,110,2911,4201,6851,4200,1152,202,0.0,0.0,0.0,0.0,0.0,0.0,0.0,0.0
T,2024-01-01,0.0,0.0,79,3403,4394,7278,4327,1354,243,9897.0,26983.0,11143.0,10504.0,6979.0,10743.0,303.0,59.0
T,2024-02-01,0.0,0.0,243,4117,5379,8738,5241,1420,156,10631.0,28482.0,13670.0,14177.0,7780.0,12422.0,201.0,60.0
T,2024-03-01,0.0,0.0,248,4307,5220,7990,5173,1482,128,9753.0,26569.0,11092.0,13961.0,7983.0,12025.0,249.0,46.0
T,2024-04-01,0.0,0.0,234,4537,5391,7904,5023,1317,190,8656.0,24412.0,10663.0,11854.0,7100.0,12419.0,251.0,47.0
T,2024-05-01,0.0,0.0,271,4073,5296,7978,5042,1464,165,7631.0,24182.0,10789.0,12525.0,7438.0,13401.0,337.0,87.0
T,2024-06-01,0.0,0.0,181,8221,7883,9738,6257,1707,244,11135.0,38900.0,17683.0,18931.0,13474.0,23418.0,1328.0,392.0
T,2024-07-01,0.0,0.0,138,8202,8010,10585,6340,1710,285,11057.0,28214.0,10360.0,11599.0,6683.0,9650.0,146.0,33.0
T,2024-08-01,0.0,0.0,107,3339,5322,8664,5452,1470,92,8724.0,23636.0,9694.0,9803.0,5698.0,9039.0,203.0,71.0
T,2024-09-01,0.0,0.0,31,2758,4924,8091,5684,1866,73,5845.0,16255.0,6848.0,6749.0,4516.0,6550.0,70.0,4.0
T,2024-10-01,0.0,0.0,29,3247,5592,7732,4781,1488,114,5803.0,15208.0,7158.0,7058.0,5060.0,6771.0,87.0,13.0
T,2024-11-01,0.0,0.0,165,3407,5333,8680,5469,1598,214,4697.0,12829.0,5923.0,5810.0,3503.0,5602.0,98.0,20.0
T,2024-12-01,0.0,0.0,208,3470,5018,8325,5253,1640,433,4870.0,12589.0,5590.0,5280.0,3381.0,4863.0,36.0,12.0
T,2025-01-01,0.0,0.0,113,3277,4978,8063,5268,1604,270,5925.0,13105.0,5760.0,5547.0,3455.0,4646.0,171.0,45.0
T,2025-02-01,0.0,0.0,226,4538,5187,8820,5634,1610,226,5170.0,12668.0,5887.0,5499.0,3314.0,6277.0,125.0,25.0
T,2025-03-01,0.0,0.0,302,4678,5002,8507,5692,1726,217,5847.0,15201.0,6426.0,6434.0,4260.0,6207.0,271.0,14.0
T,2025-04-01,0.0,0.0,402,3758,4570,7665,5198,1676,209,4714.0,14714.0,6073.0,6250.0,3658.0,10447.0,244.0,110.0
T,2025-05-01,0.0,0.0,198,4014,4692,7379,5296,1686,178,6130.0,19864.0,10040.0,9869.0,5077.0,13902.0,556.0,142.0
T,2025-06-01,0.0,0.0,110,6340,6162,9310,6768,1874,156,5674.0,13209.0,5687.0,5363.0,3419.0,5842.0,686.0,81.0
T,2025-07-01,0.0,0.0,23,3263,4720,7674,5282,1436,93,4313.0,11026.0,4962.0,5121.0,3182.0,4769.0,480.0,50.0
T,2025-08-01,0.0,0.0,21,2551,3933,6487,4276,1254,67,3737.0,10012.0,4322.0,4541.0,2975.0,5129.0,771.0,87.0
T,2025-09-01,0.0,0.0,17,1720,3051,5081,3367,925,61,2844.0,6813.0,3293.0,3130.0,2206.0,3685.0,691.0,7.0
T,2025-10-01,0.0,0.0,51,2435,4047,7093,5035,1384,142,5468.0,10864.0,4143.0,4174.0,2668.0,3902.0,157.0,1.0
T,2025-11-01,0.0,0.0,158,3381,4541,8518,6420,1833,270,4285.0,16180.0,7230.0,5825.0,3279.0,15434.0,531.0,142.0
T,2025-12-01,0.0,0.0,269,3656,4840,8654,6733,2086,235,6321.0,15017.0,5588.0,5950.0,3962.0,13788.0,527.0,38.0
T,2026-01-01,0.0,0.0,238,4752,5054,8180,5879,1870,316,3735.0,10709.0,4606.0,4569.0,2862.0,4631.0,60.0,0.0
T,2026-02-01,0.0,0.0,364,4632,5069,8431,6220,1951,304,4039.0,10975.0,5112.0,4959.0,2972.0,4928.0,144.0,58.0
T,2026-03-01,0.0,0.0,214,5099,4595,7721,5697,1690,229,3995.0,11504.0,4718.0,5112.0,2866.0,4668.0,156.0,19.0
T,2026-04-01,0.0,0.0,361,4062,4218,7398,5691,818,145,3216.0,9604.0,4071.0,4313.0,2365.0,3666.0,28.0,6.0
T,2026-05-01,0.0,0.0,70,3497,4645,7815,5532,1598,135,3207.0,9332.0,3925.0,3886.0,1900.0,3223.0,52.0,21.0
T,2026-06-01,0.0,0.0,37,3038,4188,7590,5335,1537,150,3033.0,9146.0,3801.0,3988.0,2440.0,3842.0,38.0,9.0
T,2026-07-01,0.0,0.0,36,2672,4062,6636,4435,1209,102,2825.0,7710.0,3603.0,3698.0,2072.0,3660.0,59.0,13.0
T,2026-08-01,0.0,0.0,32,1958,3225,5743,4078,1043,81,2301.0,6398.0,2958.0,2728.0,1575.0,2820.0,38.0,10.0
X,2014-01-01,0.0,0.0,90,8028,7420,10483,6481,2445,117,4958.0,8778.0,4309.0,4565.0,2291.0,16223.0,91.0,0.0
X,2014-02-01,0.0,0.0,373,13312,9098,12363,7486,2588,91,4753.0,9041.0,6924.0,7249.0,4951.0,6894.0,222.0,33.0
X,2014-03-01,0.0,0.0,613,16737,9041,12168,7131,2240,68,5698.0,11291.0,5354.0,5490.0,2907.0,5095.0,223.0,46.0
X,2014-04-01,0.0,0.0,1034,16092,9513,12469,7534,2495,96,5485.0,10913.0,5338.0,5277.0,3078.0,4818.0,246.0,182.0
X,2014-05-01,0.0,0.0,295,13378,9686,12735,7467,2254,127,4477.0,8035.0,4152.0,4405.0,2313.0,3940.0,85.0,1.0
X,2014-06-01,0.0,0.0,157,14692,10976,14917,8855,2789,51,6876.0,11935.0,6006.0,6348.0,3375.0,6092.0,306.0,9.0
X,2014-07-01,0.0,0.0,82,10823,8911,12228,7430,2368,48,6308.0,11250.0,5428.0,5854.0,3318.0,5720.0,71.0,2.0
X,2014-08-01,0.0,0.0,179,9351,7950,10525,6446,1967,46,6856.0,12997.0,6100.0,6639.0,3561.0,4945.0,50.0,2.0
X,2014-09-01,0.0,0.0,108,9697,8017,11301,6864,2202,37,8681.0,17472.0,7794.0,7750.0,3971.0,5925.0,105.0,53.0
X,2014-10-01,0.0,0.0,101,7855,7126,10152,6879,2362,42,5389.0,9131.0,4222.0,4310.0,1918.0,3651.0,98.0,16.0
X,2014-11-01,0.0,0.0,104,10179,7825,10564,6627,2121,24,6397.0,12088.0,5746.0,6251.0,2987.0,5346.0,88.0,31.0
X,2014-12-01,0.0,0.0,210,9468,6434,8751,5745,1848,44,5724.0,10379.0,5037.0,5562.0,2556.0,4147.0,95.0,7.0
X,2015-01-01,0.0,0.0,131,8603,8611,11131,7290,2639,49,5239.0,10927.0,5103.0,5255.0,2767.0,4588.0,179.0,24.0
X,2015-02-01,0.0,0.0,473,11561,10086,13350,8293,2826,52,7435.0,13250.0,6296.0,6477.0,3165.0,5737.0,154.0,16.0
X,2015-03-01,0.0,0.0,768,13545,9313,11973,7306,2459,30,6352.0,11878.0,5701.0,5907.0,2918.0,5155.0,189.0,3.0
X,2015-04-01,5.0,0.0,622,12866,9882,11767,7275,2379,36,5753.0,10832.0,5334.0,5229.0,2654.0,4236.0,101.0,9.0
X,2015-05-01,1.0,0.0,318,15757,11031,13663,8591,2684,45,5571.0,11306.0,5750.0,5943.0,2962.0,4899.0,159.0,3.0
X,2015-06-01,0.0,0.0,159,15497,11518,14122,8727,2779,36,8503.0,15646.0,7467.0,8064.0,4085.0,7362.0,182.0,5.0
X,2015-07-01,0.0,0.0,160,12710,10307,13782,8486,2643,52,8686.0,16470.0,7217.0,7415.0,3547.0,6237.0,205.0,16.0
X,2015-08-01,0.0,0.0,82,11134,8849,11328,7110,2345,44,6702.0,11315.0,5595.0,5446.0,2602.0,4841.0,121.0,4.0
X,2015-09-01,0.0,0.0,69,10511,8273,11507,7353,2434,21,6560.0,12545.0,5929.0,5807.0,2768.0,4634.0,105.0,6.0
X,2015-10-01,0.0,0.0,89,8449,7800,10507,6977,2421,26,6952.0,13231.0,6163.0,6541.0,3504.0,6778.0,212.0,12.0
X,2015-11-01,0.0,0.0,137,11655,9146,11822,7767,2490,13,6952.0,13231.0,6163.0,6541.0,3504.0,6778.0,212.0,12.0
X,2015-12-01,0.0,0.0,191,9888,7345,9156,6027,1911,22,7123.0,13493.0,6059.0,5889.0,2848.0,4689.0,81.0,0.0
X,2016-01-01,0.0,0.0,105,10080,9926,11986,7583,2854,47,6639.0,13139.0,6204.0,6038.0,2882.0,4908.0,160.0,14.0
X,2016-02-01,0.0,0.0,191,10449,10345,12760,7962,2982,37,7354.0,14115.0,6365.0,6332.0,3141.0,5547.0,157.0,8.0
X,2016-03-01,0.0,0.0,580,12958,10610,12996,8203,2811,38,6464.0,14028.0,6231.0,6210.0,3235.0,5210.0,201.0,9.0
X,2016-04-01,0.0,0.0,749,13427,10480,12072,7512,2664,34,6135.0,13189.0,6188.0,6170.0,3411.0,5788.0,197.0,39.0
X,2016-05-01,0.0,0.0,287,14221,11347,13668,9022,2938,26,6288.0,12726.0,5822.0,5742.0,2950.0,5181.0,86.0,11.0
X,2016-06-01,0.0,0.0,130,8294,3200,2374,1120,325,48,6147.0,11639.0,5166.0,5074.0,2737.0,5683.0,338.0,4.0
X,2016-07-01,0.0,0.0,199,5070,1912,1492,631,214,26,5551.0,11082.0,4725.0,4597.0,2496.0,4610.0,43.0,0.0
X,2016-08-01,0.0,0.0,326,5550,2070,1562,788,292,30,5631.0,10458.0,4938.0,5078.0,2589.0,4138.0,127.0,17.0
X,2016-09-01,0.0,0.0,296,5414,1921,1662,818,233,19,5448.0,10617.0,4353.0,4201.0,1938.0,3396.0,136.0,1.0
X,2016-10-01,0.0,0.0,105,2889,1556,1463,726,249,19,3774.0,7320.0,3386.0,3151.0,1601.0,3042.0,302.0,72.0
X,2016-11-01,0.0,0.0,80,4921,2464,2151,1187,368,22,5582.0,10815.0,4839.0,4887.0,2316.0,4091.0,191.0,7.0
X,2016-12-01,0.0,0.0,114,4356,2218,2089,1014,316,19,4944.0,9407.0,4336.0,4027.0,1987.0,3552.0,47.0,4.0
X,2017-01-01,0.0,0.0,122,4455,2992,2456,1204,461,41,5163.0,9841.0,4458.0,4624.0,2379.0,4110.0,69.0,1.0
X,2017-02-01,0.0,0.0,251,6207,3801,3060,1661,522,38,5515.0,10728.0,5552.0,5048.0,2463.0,4329.0,249.0,5.0
X,2017-03-01,0.0,0.0,520,7976,3485,2694,1418,549,66,6321.0,12715.0,5652.0,5206.0,2728.0,4639.0,212.0,18.0
X,2017-04-01,0.0,0.0,639,7921,3107,2479,1231,435,114,5177.0,10933.0,4522.0,5544.0,3316.0,4621.0,66.0,12.0
X,2017-05-01,0.0,0.0,278,7785,3167,2398,1265,455,73,6193.0,13139.0,5545.0,5473.0,2802.0,4136.0,57.0,3.0
X,2017-06-01,0.0,0.0,153,7974,3170,2303,1233,458,166,6885.0,14245.0,7006.0,6661.0,3890.0,5220.0,83.0,1.0
X,2017-07-01,0.0,0.0,198,7915,3387,2405,1315,372,161,6654.0,12158.0,5600.0,5568.0,3186.0,4731.0,83.0,5.0
X,2017-08-01,0.0,0.0,29,3530,1967,1849,997,343,472,5997.0,10474.0,4345.0,4291.0,2275.0,3824.0,54.0,17.0
X,2017-09-01,0.0,0.0,120,2827,1536,1417,739,239,410,6797.0,9679.0,4304.0,4100.0,1955.0,3380.0,121.0,20.0
X,2017-10-01,0.0,0.0,21,2783,1828,1637,979,376,47,4078.0,16291.0,3243.0,3265.0,1620.0,2751.0,62.0,27.0
X,2017-11-01,0.0,0.0,61,3512,2146,2123,1288,463,112,5234.0,8970.0,3926.0,4062.0,1968.0,3131.0,72.0,9.0
X,2017-12-01,0.0,0.0,93,3842,2150,1934,880,302,279,5149.0,8013.0,3755.0,3544.0,1929.0,2919.0,74.0,6.0
X,2018-01-01,0.0,0.0,46,5107,4227,3045,1580,557,256,7091.0,13208.0,6560.0,6878.0,3614.0,6318.0,173.0,7.0
X,2018-02-01,0.0,0.0,197,4993,2404,2103,973,388,218,5403.0,10273.0,4731.0,4491.0,2453.0,3704.0,133.0,5.0
X,2018-03-01,0.0,0.0,1215,6691,2321,2055,1011,396,172,4972.0,9861.0,4458.0,4375.0,2250.0,3607.0,89.0,14.0
X,2018-04-01,0.0,0.0,1493,8507,2147,1809,901,362,229,4692.0,10418.0,4831.0,4425.0,2456.0,3150.0,124.0,0.0
X,2018-05-01,0.0,0.0,528,7092,3000,2234,1098,396,204,5959.0,11118.0,4924.0,4871.0,2817.0,3566.0,169.0,4.0
X,2018-06-01,0.0,0.0,256,4799,2356,2076,1074,398,188,5094.0,9050.0,4195.0,4034.0,2068.0,2988.0,60.0,7.0
X,2018-07-01,0.0,0.0,53,3103,2064,1739,921,284,176,4604.0,7187.0,3343.0,3274.0,1677.0,3236.0,81.0,0.0
X,2018-08-01,0.0,0.0,126,3618,2046,1907,1072,326,191,5284.0,8372.0,3941.0,3648.0,1566.0,3147.0,68.0,1.0
X,2018-09-01,0.0,0.0,26,3804,2140,1947,1288,432,111,5093.0,9069.0,4198.0,4160.0,2335.0,4118.0,54.0,6.0
X,2018-10-01,0.0,0.0,13,2915,1799,1556,962,304,142,4056.0,6597.0,2929.0,2862.0,1460.0,2456.0,67.0,2.0
X,2018-11-01,0.0,0.0,41,3468,1934,1707,1049,349,178,4614.0,8290.0,3596.0,3582.0,1968.0,2697.0,90.0,3.0
X,2018-12-01,0.0,0.0,95,3493,1988,1812,1087,405,208,4633.0,8115.0,3741.0,3561.0,1909.0,2762.0,184.0,9.0
X,2019-01-01,0.0,0.0,264,4284,2654,2075,1287,564,238,5149.0,9711.0,4055.0,4034.0,2033.0,3019.0,101.0,11.0
X,2019-02-01,0.0,0.0,502,7257,2768,2135,1263,476,260,5618.0,11384.0,5398.0,5266.0,3179.0,4490.0,184.0,6.0
X,2019-03-01,0.0,0.0,989,8750,2603,2261,1294,448,213,6958.0,14177.0,6947.0,6572.0,3945.0,4758.0,211.0,0.0
X,2019-04-01,0.0,0.0,1555,11162,2607,1931,1084,420,383,5321.0,12787.0,5924.0,5444.0,3334.0,3660.0,113.0,9.0
X,2019-05-01,0.0,0.0,1170,8743,2619,1930,1072,418,136,5478.0,11836.0,5575.0,5178.0,3003.0,3672.0,63.0,12.0
X,2019-06-01,0.0,0.0,179,5415,2534,1835,1050,401,158,5657.0,9990.0,4647.0,4206.0,2090.0,3252.0,181.0,24.0
X,2019-07-01,0.0,0.0,24,4013,2185,1817,1074,375,84,4702.0,8064.0,3625.0,3224.0,1636.0,2952.0,106.0,2.0
X,2019-08-01,0.0,0.0,371,3634,1584,1491,1025,486,88,4954.0,10293.0,4581.0,4207.0,2435.0,3638.0,261.0,141.0
X,2019-09-01,0.0,0.0,51,1957,1258,1260,734,282,39,3614.0,6251.0,2420.0,2279.0,1116.0,1871.0,45.0,18.0
X,2019-10-01,0.0,0.0,15,2206,1508,1443,950,407,54,3370.0,6386.0,2583.0,2451.0,1242.0,2249.0,60.0,10.0
X,2019-11-01,0.0,0.0,54,2768,1770,1769,990,360,67,3991.0,7185.0,3114.0,2960.0,1552.0,2361.0,56.0,5.0
X,2019-12-01,0.0,0.0,122,2998,1730,1633,959,312,73,3674.0,7705.0,3070.0,2976.0,1635.0,2843.0,72.0,4.0
X,2020-01-01,0.0,0.0,56,3436,4134,7958,4288,1247,119,3827.0,7205.0,3132.0,3028.0,1614.0,2244.0,41.0,3.0
X,2020-02-01,0.0,0.0,104,4754,4877,8825,5092,1496,147,4010.0,7654.0,3407.0,3281.0,1742.0,2820.0,46.0,6.0
X,2020-03-01,0.0,0.0,280,7993,4009,7341,4617,1309,185,3746.0,6308.0,2804.0,2652.0,1374.0,1860.0,25.0,6.0
X,2020-04-01,14.0,0.0,677,8714,4651,6227,3143,840,210,2895.0,14218.0,6736.0,6838.0,5325.0,6197.0,42.0,9.0
X,2020-05-01,7.0,1.0,566,9529,5307,7493,3597,1118,267,4090.0,9091.0,4543.0,4045.0,2449.0,4141.0,97.0,33.0
X,2020-06-01,0.0,0.0,1012,12640,6685,8943,5216,1580,344,5658.0,12876.0,5715.0,5376.0,3055.0,4601.0,229.0,48.0
X,2020-07-01,0.0,0.0,324,10204,6707,9325,4690,1417,320,5964.0,13586.0,6125.0,5667.0,3246.0,5173.0,321.0,101.0
X,2020-08-01,0.0,0.0,366,11078,7404,10147,5253,1621,256,6451.0,13460.0,5470.0,5391.0,2662.0,4227.0,133.0,32.0
X,2020-09-01,0.0,1.0,172,7420,5292,7402,3544,981,126,94365.0,155311.0,59241.0,55779.0,30803.0,61513.0,3807.0,823.0
X,2020-10-01,0.0,0.0,119,5253,4346,6426,3432,1083,70,3305.0,5423.0,2123.0,2311.0,1006.0,2206.0,47.0,3.0
X,2020-11-01,0.0,1.0,88,11708,9750,12766,6656,2332,154,5439.0,9996.0,4572.0,4791.0,3037.0,4932.0,130.0,61.0
X,2020-12-01,0.0,0.0,405,10983,7869,9646,5534,1526,259,5083.0,10553.0,4724.0,4445.0,2891.0,4997.0,165.0,36.0
X,2021-01-01,0.0,0.0,220,7603,5588,8276,5273,1646,281,4840.0,8894.0,4030.0,4299.0,2601.0,4253.0,236.0,22.0
X,2021-02-01,0.0,0.0,194,7630,5850,9184,5647,1592,324,5855.0,12109.0,5574.0,5360.0,3305.0,5993.0,808.0,159.0
X,2021-03-01,0.0,0.0,576,9665,6300,8925,4647,1435,303,11184.0,25386.0,11430.0,11642.0,5966.0,14070.0,384.0,77.0
X,2021-04-01,0.0,0.0,559,8795,4936,7278,4354,1273,209,5236.0,10648.0,4245.0,4125.0,2241.0,6285.0,523.0,172.0
X,2021-05-01,0.0,0.0,299,11634,6413,9039,5221,1591,232,5478.0,11459.0,5279.0,5177.0,2983.0,13141.0,615.0,343.0
X,2021-06-01,0.0,0.0,279,11461,6652,10804,6237,1800,222,6365.0,12342.0,5749.0,5624.0,3077.0,6293.0,592.0,418.0
X,2021-07-01,0.0,0.0,89,8457,6158,9068,5002,1303,194,5657.0,11968.0,5290.0,5774.0,3354.0,7800.0,402.0,87.0
X,2021-08-01,0.0,0.0,290,14463,9379,11432,5681,1431,212,8253.0,19323.0,8538.0,8751.0,5262.0,9576.0,341.0,72.0
X,2021-09-01,0.0,0.0,105,8905,6468,9032,5089,1439,175,14340.0,48968.0,14712.0,13492.0,8140.0,12713.0,529.0,130.0
X,2021-10-01,0.0,0.0,34,4711,4900,6536,3154,823,58,4226.0,9062.0,2919.0,2691.0,1364.0,2491.0,68.0,36.0
X,2021-11-01,0.0,0.0,24,4015,3734,6064,3057,879,93,6452.0,10542.0,4479.0,4491.0,2589.0,3328.0,133.0,24.0
X,2021-12-01,0.0,0.0,44,3985,4158,6364,3463,1056,130,5002.0,9752.0,3928.0,3459.0,2083.0,2961.0,156.0,20.0
X,2022-01-01,0.0,0.0,122,4353,4317,6487,4128,1321,225,5469.0,11337.0,4928.0,4661.0,2980.0,4280.0,105.0,45.0
X,2022-02-01,0.0,0.0,219,6669,6763,9103,5218,1604,281,7565.0,13803.0,6146.0,6188.0,3541.0,5822.0,530.0,47.0
X,2022-03-01,0.0,0.0,385,7081,7676,11025,6538,2175,234,8606.0,19659.0,9200.0,8810.0,4186.0,5581.0,378.0,117.0
X,2022-04-01,0.0,0.0,413,6753,6366,9271,5189,1576,193,5267.0,11182.0,4780.0,4448.0,2740.0,3907.0,473.0,216.0
X,2022-05-01,0.0,0.0,243,6247,7271,11223,7284,2680,242,7464.0,14916.0,6244.0,6278.0,3835.0,5593.0,411.0,236.0
X,2022-06-01,0.0,0.0,79,5798,7289,10911,7039,2243,302,5884.0,14391.0,5846.0,5848.0,3553.0,5181.0,281.0,109.0
X,2022-07-01,0.0,0.0,79,5181,6227,8520,5051,1439,113,5850.0,11784.0,5300.0,4986.0,2913.0,4144.0,312.0,189.0
X,2022-08-01,0.0,0.0,72,5365,6184,8632,5577,1736,158,6133.0,12818.0,5083.0,5158.0,2983.0,4786.0,168.0,106.0
X,2022-09-01,0.0,0.0,17,4186,6062,8654,4941,1184,48,4814.0,13598.0,5994.0,5374.0,3492.0,5815.0,478.0,143.0
X,2022-10-01,0.0,0.0,18,3007,4620,6593,3469,859,68,4151.0,8606.0,4057.0,3709.0,1907.0,2764.0,104.0,36.0
X,2022-11-01,0.0,0.0,114,3871,5489,7732,4448,1261,171,6196.0,12580.0,5567.0,5724.0,3600.0,4810.0,294.0,58.0
X,2022-12-01,0.0,0.0,218,3915,5281,7837,4464,1408,237,21309.0,55202.0,21607.0,21838.0,12911.0,19822.0,598.0,110.0
X,2023-01-01,0.0,0.0,82,4511,5671,7720,4770,1376,241,13029.0,30129.0,13964.0,13481.0,7467.0,13802.0,521.0,200.0
X,2023-02-01,0.0,0.0,300,6168,6091,8505,5381,1535,212,18620.0,40627.0,17329.0,17801.0,10388.0,15750.0,851.0,152.0
X,2023-03-01,0.0,0.0,240,5285,5691,8198,4847,1373,160,11566.0,29957.0,12905.0,12410.0,7301.0,11261.0,400.0,135.0
X,2023-04-01,0.0,0.0,399,5240,5627,7515,4609,1260,195,4678.0,10794.0,5297.0,4835.0,2664.0,4322.0,305.0,10.0
X,2023-05-01,0.0,0.0,288,5049,5607,7533,4673,1222,130,8497.0,29381.0,11154.0,12163.0,7654.0,19065.0,1315.0,193.0
X,2023-06-01,0.0,0.0,74,9177,8326,9518,4979,1327,130,10918.0,23418.0,10885.0,11241.0,7002.0,11062.0,840.0,100.0
X,2023-07-01,0.0,0.0,78,4721,5797,8273,4935,1352,90,3546.0,9340.0,4368.0,4364.0,3054.0,4443.0,165.0,37.0
X,2023-08-01,0.0,0.0,25,3835,5185,7552,4330,1112,59,2414.0,5857.0,2662.0,2693.0,1597.0,3866.0,187.0,38.0
X,2023-09-01,0.0,0.0,8,2752,4297,6223,3619,970,52,2226.0,5427.0,2214.0,2140.0,1220.0,2074.0,63.0,16.0
X,2023-10-01,0.0,0.0,57,2654,3775,5491,3573,1048,63,5326.0,12726.0,5597.0,5444.0,3224.0,5293.0,171.0,32.0
X,2023-11-01,0.0,0.0,61,2907,4248,6526,3959,1288,168,10266.0,23230.0,10557.0,10730.0,6660.0,12236.0,469.0,184.0
X,2023-12-01,0.0,0.0,110,2911,4201,6851,4200,1152,202,0.0,0.0,0.0,0.0,0.0,0.0,0.0,0.0
X,2024-01-01,0.0,0.0,79,3403,4394,7278,4327,1354,243,9897.0,26983.0,11143.0,10504.0,6979.0,10743.0,303.0,59.0
X,2024-02-01,0.0,0.0,243,4117,5379,8738,5241,1420,156,10631.0,28482.0,13670.0,14177.0,7780.0,12422.0,201.0,60.0
X,2024-03-01,0.0,0.0,248,4307,5220,7990,5173,1482,128,9753.0,26569.0,11092.0,13961.0,7983.0,12025.0,249.0,46.0
X,2024-04-01,0.0,0.0,234,4537,5391,7904,5023,1317,190,8656.0,24412.0,10663.0,11854.0,7100.0,12419.0,251.0,47.0
X,2024-05-01,0.0,0.0,271,4073,5296,7978,5042,1464,165,7631.0,24182.0,10789.0,12525.0,7438.0,13401.0,337.0,87.0
X,2024-06-01,0.0,0.0,181,8221,7883,9738,6257,1707,244,11135.0,38900.0,17683.0,18931.0,13474.0,23418.0,1328.0,392.0
X,2024-07-01,0.0,0.0,138,8202,8010,10585,6340,1710,285,11057.0,28214.0,10360.0,11599.0,6683.0,9650.0,146.0,33.0
X,2024-08-01,0.0,0.0,107,3339,5322,8664,5452,1470,92,8724.0,23636.0,9694.0,9803.0,5698.0,9039.0,203.0,71.0
X,2024-09-01,0.0,0.0,31,2758,4924,8091,5684,1866,73,5845.0,16255.0,6848.0,6749.0,4516.0,6550.0,70.0,4.0
X,2024-10-01,0.0,0.0,29,3247,5592,7732,4781,1488,114,5803.0,15208.0,7158.0,7058.0,5060.0,6771.0,87.0,13.0
X,2024-11-01,0.0,0.0,165,3407,5333,8680,5469,1598,214,4697.0,12829.0,5923.0,5810.0,3503.0,5602.0,98.0,20.0
X,2024-12-01,0.0,0.0,208,3470,5018,8325,5253,1640,433,4870.0,12589.0,5590.0,5280.0,3381.0,4863.0,36.0,12.0
X,2025-01-01,0.0,0.0,113,3277,4978,8063,5268,1604,270,5925.0,13105.0,5760.0,5547.0,3455.0,4646.0,171.0,45.0
X,2025-02-01,0.0,0.0,226,4538,5187,8820,5634,1610,226,5170.0,12668.0,5887.0,5499.0,3314.0,6277.0,125.0,25.0
X,2025-03-01,0.0,0.0,302,4678,5002,8507,5692,1726,217,5847.0,15201.0,6426.0,6434.0,4260.0,6207.0,271.0,14.0
X,2025-04-01,0.0,0.0,402,3758,4570,7665,5198,1676,209,4714.0,14714.0,6073.0,6250.0,3658.0,10447.0,244.0,110.0
X,2025-05-01,0.0,0.0,198,4014,4692,7379,5296,1686,178,6130.0,19864.0,10040.0,9869.0,5077.0,13902.0,556.0,142.0
X,2025-06-01,0.0,0.0,110,6340,6162,9310,6768,1874,156,5674.0,13209.0,5687.0,5363.0,3419.0,5842.0,686.0,81.0
X,2025-07-01,0.0,0.0,23,3263,4720,7674,5282,1436,93,4313.0,11026.0,4962.0,5121.0,3182.0,4769.0,480.0,50.0
X,2025-08-01,0.0,0.0,21,2551,3933,6487,4276,1254,67,3737.0,10012.0,4322.0,4541.0,2975.0,5129.0,771.0,87.0
X,2025-09-01,0.0,0.0,17,1720,3051,5081,3367,925,61,2844.0,6813.0,3293.0,3130.0,2206.0,3685.0,691.0,7.0
X,2025-10-01,0.0,0.0,51,2435,4047,7093,5035,1384,142,5468.0,10864.0,4143.0,4174.0,2668.0,3902.0,157.0,1.0
X,2025-11-01,0.0,0.0,158,3381,4541,8518,6420,1833,270,4285.0,16180.0,7230.0,5825.0,3279.0,15434.0,531.0,142.0
X,2025-12-01,0.0,0.0,269,3656,4840,8654,6733,2086,235,6321.0,15017.0,5588.0,5950.0,3962.0,13788.0,527.0,38.0
X,2026-01-01,0.0,0.0,238,4752,5054,8180,5879,1870,316,3735.0,10709.0,4606.0,4569.0,2862.0,4631.0,60.0,0.0
X,2026-02-01,0.0,0.0,364,4632,5069,8431,6220,1951,304,4039.0,10975.0,5112.0,4959.0,2972.0,4928.0,144.0,58.0
X,2026-03-01,0.0,0.0,214,5099,4595,7721,5697,1690,229,3995.0,11504.0,4718.0,5112.0,2866.0,4668.0,156.0,19.0
X,2026-04-01,0.0,0.0,361,4062,4218,7398,5691,818,145,3216.0,9604.0,4071.0,4313.0,2365.0,3666.0,28.0,6.0
X,2026-05-01,0.0,0.0,70,3497,4645,7815,5532,1598,135,3207.0,9332.0,3925.0,3886.0,1900.0,3223.0,52.0,21.0
X,2026-06-01,0.0,0.0,37,3038,4188,7590,5335,1537,150,3033.0,9146.0,3801.0,3988.0,2440.0,3842.0,38.0,9.0
X,2026-07-01,0.0,0.0,36,2672,4062,6636,4435,1209,102,2825.0,7710.0,3603.0,3698.0,2072.0,3660.0,59.0,13.0
X,2026-08-01,0.0,0.0,32,1958,3225,5743,4078,1043,81,2301.0,6398.0,2958.0,2728.0,1575.0,2820.0,38.0,10.0
